[38;5;86m[HTTP][0m [37m-->[39m [37mPOST[39m [37m/session[39m [90m{"capabilities":{"alwaysMatch":{"platformName":"Android","appium:deviceName":"Pixel 9 Pro","appium:automationName":"UiAutomator2","appium:appPackage":"com.companyname.appiumtestapp","appium:appActivity":"crc64f0954e3e9cd062a0.MainActivity","appium:appWaitActivity":"*","appium:appWaitDuration":60000,"appium:noReset":false,"appium:autoGrantPermissions":true,"appium:unicodeKeyboard":true,"appium:resetKeyboard":true,"appium:newCommandTimeout":180,"appium:adbExecTimeout":120000,"appium:uiautomator2ServerInstallTimeout":120000,"appium:uiautomator2ServerLaunchTimeout":120000,"appium:uiautomator2ServerReadTimeout":120000,"appium:disableWindowAnimation":true},"firstMatch":[{}]}}[39m
[38;5;129m[AppiumDriver@8155][0m Calling AppiumDriver.createSession() with args: [{"alwaysMatch":{"platformName":"Android","appium:deviceName":"Pixel 9 Pro","appium:automationName":"UiAutomator2","appium:appPackage":"com.companyname.appiumtestapp","appium:appActivity":"crc64f0954e3e9cd062a0.MainActivity","appium:appWaitActivity":"*","appium:appWaitDuration":60000,"appium:noReset":false,"appium:autoGrantPermissions":true,"appium:unicodeKeyboard":true,"appium:resetKeyboard":true,"appium:newCommandTimeout":180,"appium:adbExecTimeout":120000,"appium:uiautomator2ServerInstallTimeout":120000,"appium:uiautomator2ServerLaunchTimeout":120000,"appium:uiautomator2ServerReadTimeout":120000,"appium:disableWindowAnimation":true},"firstMatch":[{}]},{"alwaysMatch":{"platformName":"Android","appium:deviceName":"Pixel 9 Pro","appium:automationName":"UiAutomator2","appium:appPackage":"com.companyname.appiumtestapp","appium:appActivity":"crc64f0954e3e9cd062a0.MainActivity","appium:appWaitActivity":"*","appium:appWaitDuration":60000,"appium:noReset":false,"appium:autoGrantPermissions":true,"appium:unicodeK...
[38;5;129m[AppiumDriver@8155][0m Event 'newSessionRequested' logged at 1770241597084 (21:46:37 GMT+0000 (Greenwich Mean Time))
[38;5;112m[Appium][0m Attempting to find matching driver for automationName 'UiAutomator2' and platformName 'Android'
[38;5;112m[Appium][0m The 'uiautomator2' driver was installed and matched caps.
[38;5;112m[Appium][0m Will require it at C:\Users\karlt\.appium\node_modules\appium-uiautomator2-driver
[38;5;112m[Appium][0m Requiring driver at C:\Users\karlt\.appium\node_modules\appium-uiautomator2-driver\build\index.js
[38;5;129m[AppiumDriver@8155][0m Appium v3.1.2 creating new AndroidUiautomator2Driver (v4.1.5) session
[38;5;129m[AppiumDriver@8155][0m Checking BaseDriver versions for Appium and AndroidUiautomator2Driver
[38;5;129m[AppiumDriver@8155][0m Appium's BaseDriver version is 10.1.2
[38;5;129m[AppiumDriver@8155][0m AndroidUiautomator2Driver's BaseDriver version is 10.1.2
[38;5;-168m[AndroidUiautomator2Driver@6812][0m 
[38;5;-168m[AndroidUiautomator2Driver@6812][0m Creating session with W3C capabilities: {
  "alwaysMatch": {
    "platformName": "Android",
    "appium:deviceName": "Pixel 9 Pro",
    "appium:automationName": "UiAutomator2",
    "appium:appPackage": "com.companyname.appiumtestapp",
    "appium:appActivity": "crc64f0954e3e9cd062a0.MainActivity",
    "appium:appWaitActivity": "*",
    "appium:appWaitDuration": 60000,
    "appium:noReset": false,
    "appium:autoGrantPermissions": true,
    "appium:unicodeKeyboard": true,
    "appium:resetKeyboard": true,
    "appium:newCommandTimeout": 180,
    "appium:adbExecTimeout": 120000,
    "appium:uiautomator2ServerInstallTimeout": 120000,
    "appium:uiautomator2ServerLaunchTimeout": 120000,
    "appium:uiautomator2ServerReadTimeout": 120000,
    "appium:disableWindowAnimation": true
  },
  "firstMatch": [
    {}
  ]
}
[38;5;-168m[AndroidUiautomator2Driver@6812][0m The following provided capabilities were not recognized by this driver:
[38;5;-168m[AndroidUiautomator2Driver@6812][0m   resetKeyboard
[38;5;221m[7c085cfe][0m[38;5;-168m[AndroidUiautomator2Driver@6812][0m Session created with session id: 7c085cfe-be18-4804-a563-de07f3c44941
[38;5;221m[7c085cfe][0m[38;5;229m[ADB][0m Found 2 'build-tools' folders under 'C:\Users\karlt\AppData\Local\Android\Sdk' (newest first):
[38;5;221m[7c085cfe][0m[38;5;229m[ADB][0m     C:\Users\karlt\AppData\Local\Android\Sdk\build-tools\36.0.0
[38;5;221m[7c085cfe][0m[38;5;229m[ADB][0m     C:\Users\karlt\AppData\Local\Android\Sdk\build-tools\35.0.1
[38;5;221m[7c085cfe][0m[38;5;229m[ADB][0m Using 'adb.exe' from 'C:\Users\karlt\AppData\Local\Android\Sdk\platform-tools\adb.exe'
[38;5;221m[7c085cfe][0m[38;5;229m[ADB][0m Running 'C:\Users\karlt\AppData\Local\Android\Sdk\platform-tools\adb.exe -P 5037 start-server'
[38;5;221m[7c085cfe][0m[38;5;-168m[AndroidUiautomator2Driver@6812][0m Retrieving device list
[38;5;221m[7c085cfe][0m[38;5;229m[ADB][0m Trying to find connected Android devices
[38;5;221m[7c085cfe][0m[38;5;229m[ADB][0m Getting connected devices
[38;5;221m[7c085cfe][0m[38;5;229m[ADB][0m Connected devices: [{"udid":"emulator-5554","state":"device"}]
[38;5;221m[7c085cfe][0m[38;5;-168m[AndroidUiautomator2Driver@6812][0m Using device: emulator-5554
[38;5;221m[7c085cfe][0m[38;5;229m[ADB][0m Using 'adb.exe' from 'C:\Users\karlt\AppData\Local\Android\Sdk\platform-tools\adb.exe'
[38;5;221m[7c085cfe][0m[38;5;229m[ADB][0m Running 'C:\Users\karlt\AppData\Local\Android\Sdk\platform-tools\adb.exe -P 5037 start-server'
[38;5;221m[7c085cfe][0m[38;5;229m[ADB][0m Setting device id to emulator-5554
[38;5;221m[7c085cfe][0m[38;5;-168m[AndroidUiautomator2Driver@6812][0m Starting 'com.companyname.appiumtestapp' directly on the device
[38;5;221m[7c085cfe][0m[38;5;229m[ADB][0m Running 'C:\Users\karlt\AppData\Local\Android\Sdk\platform-tools\adb.exe -P 5037 -s emulator-5554 shell getprop ro.build.version.sdk'
[38;5;221m[7c085cfe][0m[38;5;229m[ADB][0m Current device property 'ro.build.version.sdk': 36
[38;5;221m[7c085cfe][0m[38;5;229m[ADB][0m Getting device platform version
[38;5;221m[7c085cfe][0m[38;5;229m[ADB][0m Running 'C:\Users\karlt\AppData\Local\Android\Sdk\platform-tools\adb.exe -P 5037 -s emulator-5554 shell getprop ro.build.version.release'
[38;5;221m[7c085cfe][0m[38;5;229m[ADB][0m Current device property 'ro.build.version.release': 16
[38;5;221m[7c085cfe][0m[38;5;229m[ADB][0m Device API level: 36
[38;5;221m[7c085cfe][0m[38;5;-168m[AndroidUiautomator2Driver@6812][0m Relaxing hidden api policy
[38;5;221m[7c085cfe][0m[38;5;229m[ADB][0m Running 'C:\Users\karlt\AppData\Local\Android\Sdk\platform-tools\adb.exe -P 5037 -s emulator-5554 shell 'settings put global hidden_api_policy_pre_p_apps 1;settings put global hidden_api_policy_p_apps 1;settings put global hidden_api_policy 1''
[38;5;221m[7c085cfe][0m[38;5;229m[ADB][0m Running 'C:\Users\karlt\AppData\Local\Android\Sdk\platform-tools\adb.exe -P 5037 -s emulator-5554 wait-for-device'
[38;5;221m[7c085cfe][0m[38;5;229m[ADB][0m Running 'C:\Users\karlt\AppData\Local\Android\Sdk\platform-tools\adb.exe -P 5037 -s emulator-5554 shell echo ping'
[38;5;221m[7c085cfe][0m[38;5;-168m[AndroidUiautomator2Driver@6812][0m Pushing settings apk to the device...
[38;5;221m[7c085cfe][0m[38;5;229m[ADB][0m Getting package info for 'io.appium.settings'
[38;5;221m[7c085cfe][0m[38;5;229m[ADB][0m Running 'C:\Users\karlt\AppData\Local\Android\Sdk\platform-tools\adb.exe -P 5037 -s emulator-5554 shell dumpsys package io.appium.settings'
[38;5;221m[7c085cfe][0m[38;5;229m[ADB][0m Using 'aapt2.exe' from 'C:\Users\karlt\AppData\Local\Android\Sdk\build-tools\36.0.0\aapt2.exe'
[38;5;221m[7c085cfe][0m[38;5;229m[ADB][0m Reading package manifest: 'C:\\Users\\karlt\\AppData\\Local\\Android\\Sdk\\build-tools\\36.0.0\\aapt2.exe dump badging C:\\Users\\karlt\\.appium\\node_modules\\appium-uiautomator2-driver\\node_modules\\io.appium.settings\\apks\\settings_apk-debug.apk'
[38;5;221m[7c085cfe][0m[38;5;229m[ADB][0m The version name of the installed 'io.appium.settings' is greater or equal to the application version name ('5.14.4' >= '5.14.4')
[38;5;221m[7c085cfe][0m[38;5;229m[ADB][0m There is no need to install/upgrade 'C:\Users\karlt\.appium\node_modules\appium-uiautomator2-driver\node_modules\io.appium.settings\apks\settings_apk-debug.apk'
[38;5;221m[7c085cfe][0m[38;5;229m[ADB][0m Running 'C:\Users\karlt\AppData\Local\Android\Sdk\platform-tools\adb.exe -P 5037 -s emulator-5554 shell dumpsys activity services io.appium.settings'
[38;5;221m[7c085cfe][0m[38;5;-168m[AndroidUiautomator2Driver@6812][0m io.appium.settings is already running. There is no need to reset its permissions.
[38;5;221m[7c085cfe][0m[38;5;160m[Logcat][0m Starting logs capture with command: C:\\Users\\karlt\\AppData\\Local\\Android\\Sdk\\platform-tools\\adb.exe -P 5037 -s emulator-5554 logcat -v threadtime
[38;5;221m[7c085cfe][0m[38;5;-168m[AndroidUiautomator2Driver@6812][0m The 'unicodeKeyboard' capability has been deprecated and will be removed. Set the 'hideKeyboard' capability to 'true' in order to make the on-screen keyboard invisible.
[38;5;221m[7c085cfe][0m[38;5;-168m[AndroidUiautomator2Driver@6812][0m Enabling Unicode keyboard support
[38;5;221m[7c085cfe][0m[38;5;229m[ADB][0m Running 'C:\Users\karlt\AppData\Local\Android\Sdk\platform-tools\adb.exe -P 5037 -s emulator-5554 shell settings get secure default_input_method'
[38;5;221m[7c085cfe][0m[38;5;-168m[AndroidUiautomator2Driver@6812][0m Unsetting previous IME io.appium.settings/.UnicodeIME
[38;5;221m[7c085cfe][0m[38;5;-168m[AndroidUiautomator2Driver@6812][0m Setting IME to 'io.appium.settings/.UnicodeIME'
[38;5;221m[7c085cfe][0m[38;5;229m[ADB][0m Running 'C:\Users\karlt\AppData\Local\Android\Sdk\platform-tools\adb.exe -P 5037 -s emulator-5554 shell ime enable io.appium.settings/.UnicodeIME'
[38;5;221m[7c085cfe][0m[38;5;229m[ADB][0m Running 'C:\Users\karlt\AppData\Local\Android\Sdk\platform-tools\adb.exe -P 5037 -s emulator-5554 shell ime set io.appium.settings/.UnicodeIME'
[38;5;221m[7c085cfe][0m[38;5;-168m[AndroidUiautomator2Driver@6812][0m Forwarding UiAutomator2 Server port 6790 to local port 8200
[38;5;221m[7c085cfe][0m[38;5;229m[ADB][0m Forwarding system: 8200 to device: 6790
[38;5;221m[7c085cfe][0m[38;5;229m[ADB][0m Running 'C:\Users\karlt\AppData\Local\Android\Sdk\platform-tools\adb.exe -P 5037 -s emulator-5554 forward tcp:8200 tcp:6790'
[38;5;221m[7c085cfe][0m[38;5;-168m[AndroidUiautomator2Driver@6812][0m UIA2Proxy options: {"server":"127.0.0.1","port":8200,"timeout":120000,"keepAlive":true,"scheme":"http","base":"","reqBasePath":"","sessionId":null}
[38;5;221m[7c085cfe][0m[38;5;229m[ADB][0m Getting package info for 'io.appium.uiautomator2.server'
[38;5;221m[7c085cfe][0m[38;5;229m[ADB][0m Running 'C:\Users\karlt\AppData\Local\Android\Sdk\platform-tools\adb.exe -P 5037 -s emulator-5554 shell dumpsys package io.appium.uiautomator2.server'
[38;5;221m[7c085cfe][0m[38;5;229m[ADB][0m Getting install status for io.appium.uiautomator2.server.test
[38;5;221m[7c085cfe][0m[38;5;-168m[AndroidUiautomator2Driver@6812][0m No app capability. Assuming it is already on the device
[38;5;221m[7c085cfe][0m[38;5;229m[ADB][0m Getting install status for com.companyname.appiumtestapp
[38;5;221m[7c085cfe][0m[38;5;229m[ADB][0m Running 'C:\Users\karlt\AppData\Local\Android\Sdk\platform-tools\adb.exe -P 5037 -s emulator-5554 shell cmd package list packages'
[38;5;221m[7c085cfe][0m[38;5;229m[ADB][0m Running 'C:\Users\karlt\AppData\Local\Android\Sdk\platform-tools\adb.exe -P 5037 -s emulator-5554 shell cmd package list packages'
[38;5;221m[7c085cfe][0m[38;5;229m[ADB][0m 'io.appium.uiautomator2.server.test' is installed
[38;5;221m[7c085cfe][0m[38;5;229m[ADB][0m Reading package manifest: 'C:\\Users\\karlt\\AppData\\Local\\Android\\Sdk\\build-tools\\36.0.0\\aapt2.exe dump badging C:\\Users\\karlt\\.appium\\node_modules\\appium-uiautomator2-driver\\node_modules\\appium-uiautomator2-server\\apks\\appium-uiautomator2-server-v7.3.0.apk'
[38;5;221m[7c085cfe][0m[38;5;229m[ADB][0m 'com.companyname.appiumtestapp' is installed
[38;5;221m[7c085cfe][0m[38;5;229m[ADB][0m Running 'C:\Users\karlt\AppData\Local\Android\Sdk\platform-tools\adb.exe -P 5037 -s emulator-5554 shell am force-stop com.companyname.appiumtestapp'
[38;5;221m[7c085cfe][0m[38;5;229m[ADB][0m Running 'C:\Users\karlt\AppData\Local\Android\Sdk\platform-tools\adb.exe -P 5037 -s emulator-5554 shell pm clear com.companyname.appiumtestapp'
[38;5;221m[7c085cfe][0m[38;5;229m[ADB][0m The version name of the installed 'io.appium.uiautomator2.server' is greater or equal to the application version name ('7.3.0' >= '7.3.0')
[38;5;221m[7c085cfe][0m[38;5;-168m[AndroidUiautomator2Driver@6812][0m Server packages status: [{"installState":"sameVersionInstalled","appPath":"C:\\Users\\karlt\\.appium\\node_modules\\appium-uiautomator2-driver\\node_modules\\appium-uiautomator2-server\\apks\\appium-uiautomator2-server-v7.3.0.apk","appId":"io.appium.uiautomator2.server"},{"installState":"sameVersionInstalled","appPath":"C:\\Users\\karlt\\.appium\\node_modules\\appium-uiautomator2-driver\\node_modules\\appium-uiautomator2-server\\apks\\appium-uiautomator2-server-debug-androidTest.apk","appId":"io.appium.uiautomator2.server.test"}]
[38;5;221m[7c085cfe][0m[38;5;-168m[AndroidUiautomator2Driver@6812][0m Server packages are not going to be (re)installed
[38;5;221m[7c085cfe][0m[38;5;-168m[AndroidUiautomator2Driver@6812][0m Waiting up to 30000ms for services to be available
[38;5;221m[7c085cfe][0m[38;5;229m[ADB][0m Running 'C:\Users\karlt\AppData\Local\Android\Sdk\platform-tools\adb.exe -P 5037 -s emulator-5554 shell pm list instrumentation'
[38;5;221m[7c085cfe][0m[38;5;-168m[AndroidUiautomator2Driver@6812][0m Instrumentation target 'io.appium.uiautomator2.server.test/androidx.test.runner.AndroidJUnitRunner' is available
[38;5;221m[7c085cfe][0m[38;5;229m[ADB][0m Adding packages ["io.appium.settings","io.appium.uiautomator2.server","io.appium.uiautomator2.server.test"] to Doze whitelist
[38;5;221m[7c085cfe][0m[38;5;229m[ADB][0m Got the following command chunks to execute: [["dumpsys","deviceidle","whitelist","+io.appium.settings",";","dumpsys","deviceidle","whitelist","+io.appium.uiautomator2.server",";","dumpsys","deviceidle","whitelist","+io.appium.uiautomator2.server.test",";"]]
[38;5;221m[7c085cfe][0m[38;5;229m[ADB][0m Running 'C:\Users\karlt\AppData\Local\Android\Sdk\platform-tools\adb.exe -P 5037 -s emulator-5554 shell dumpsys deviceidle whitelist +io.appium.settings ; dumpsys deviceidle whitelist +io.appium.uiautomator2.server ; dumpsys deviceidle whitelist +io.appium.uiautomator2.server.test ;'
[38;5;221m[7c085cfe][0m[38;5;229m[ADB][0m Running 'C:\Users\karlt\AppData\Local\Android\Sdk\platform-tools\adb.exe -P 5037 -s emulator-5554 shell dumpsys package com.companyname.appiumtestapp'
[38;5;221m[7c085cfe][0m[38;5;229m[ADB][0m Retrieving requested permissions
[38;5;221m[7c085cfe][0m[38;5;229m[ADB][0m Retrieved 4 permissions from requested group
[38;5;221m[7c085cfe][0m[38;5;229m[ADB][0m Retrieving granted permissions
[38;5;221m[7c085cfe][0m[38;5;229m[ADB][0m Retrieved 2 permissions from install,runtime groups
[38;5;221m[7c085cfe][0m[38;5;229m[ADB][0m com.companyname.appiumtestapp contains no permissions available for granting
[38;5;221m[7c085cfe][0m[38;5;-168m[AndroidUiautomator2Driver@6812][0m Performed fast reset on the installed 'com.companyname.appiumtestapp' application (stop and clear)
[38;5;221m[7c085cfe][0m[38;5;-168m[AndroidUiautomator2Driver@6812][0m Performing shallow cleanup of automation leftovers
[38;5;221m[7c085cfe][0m[38;5;-168m[AndroidUiautomator2Driver@6812][0m No obsolete sessions have been detected (socket hang up)
[38;5;221m[7c085cfe][0m[38;5;229m[ADB][0m Running 'C:\Users\karlt\AppData\Local\Android\Sdk\platform-tools\adb.exe -P 5037 -s emulator-5554 shell am force-stop io.appium.uiautomator2.server'
[38;5;221m[7c085cfe][0m[38;5;229m[ADB][0m Running 'C:\Users\karlt\AppData\Local\Android\Sdk\platform-tools\adb.exe -P 5037 -s emulator-5554 shell am force-stop io.appium.uiautomator2.server.test'
[38;5;221m[7c085cfe][0m[38;5;-168m[AndroidUiautomator2Driver@6812][0m Starting UIAutomator2 server 7.3.0
[38;5;221m[7c085cfe][0m[38;5;-168m[AndroidUiautomator2Driver@6812][0m Using UIAutomator2 server from 'C:\Users\karlt\.appium\node_modules\appium-uiautomator2-driver\node_modules\appium-uiautomator2-server\apks\appium-uiautomator2-server-v7.3.0.apk' and test from 'C:\Users\karlt\.appium\node_modules\appium-uiautomator2-driver\node_modules\appium-uiautomator2-server\apks\appium-uiautomator2-server-debug-androidTest.apk'
[38;5;221m[7c085cfe][0m[38;5;-168m[AndroidUiautomator2Driver@6812][0m Waiting up to 120000ms for UiAutomator2 to be online...
[38;5;221m[7c085cfe][0m[38;5;229m[ADB][0m Creating ADB subprocess with args: ["-P","5037","-s","emulator-5554","shell","am","instrument","-w","--no-window-animation","-e","disableAnalytics","true","io.appium.uiautomator2.server.test/androidx.test.runner.AndroidJUnitRunner"]
[38;5;221m[7c085cfe][0m[38;5;-168m[AndroidUiautomator2Driver@6812][0m Matched '/status' to command name 'getStatus'
[38;5;221m[7c085cfe][0m[38;5;-168m[AndroidUiautomator2Driver@6812][0m Proxying [GET /status] to [GET http://127.0.0.1:8200/status] with no body
[38;5;221m[7c085cfe][0m[38;5;-168m[AndroidUiautomator2Driver@6812][0m socket hang up
[38;5;221m[7c085cfe][0m[38;5;-168m[AndroidUiautomator2Driver@6812][0m Matched '/status' to command name 'getStatus'
[38;5;221m[7c085cfe][0m[38;5;-168m[AndroidUiautomator2Driver@6812][0m Proxying [GET /status] to [GET http://127.0.0.1:8200/status] with no body
[38;5;221m[7c085cfe][0m[38;5;-168m[AndroidUiautomator2Driver@6812][0m socket hang up
[38;5;221m[7c085cfe][0m[38;5;-168m[AndroidUiautomator2Driver@6812][0m [Instrumentation] 
[38;5;221m[7c085cfe][0m[38;5;-168m[AndroidUiautomator2Driver@6812][0m Matched '/status' to command name 'getStatus'
[38;5;221m[7c085cfe][0m[38;5;-168m[AndroidUiautomator2Driver@6812][0m Proxying [GET /status] to [GET http://127.0.0.1:8200/status] with no body
[38;5;221m[7c085cfe][0m[38;5;-168m[AndroidUiautomator2Driver@6812][0m socket hang up
[38;5;221m[7c085cfe][0m[38;5;-168m[AndroidUiautomator2Driver@6812][0m Matched '/status' to command name 'getStatus'
[38;5;221m[7c085cfe][0m[38;5;-168m[AndroidUiautomator2Driver@6812][0m Proxying [GET /status] to [GET http://127.0.0.1:8200/status] with no body
[38;5;221m[7c085cfe][0m[38;5;-168m[AndroidUiautomator2Driver@6812][0m Got response with status 200: {"sessionId":"None","value":{"message":"UiAutomator2 Server is ready to accept commands","ready":true}}
[38;5;221m[7c085cfe][0m[38;5;-168m[AndroidUiautomator2Driver@6812][0m The initialization of the instrumentation process took 3200ms
[38;5;221m[7c085cfe][0m[38;5;-168m[AndroidUiautomator2Driver@6812][0m Matched '/session' to command name 'createSession'
[38;5;221m[7c085cfe][0m[38;5;-168m[AndroidUiautomator2Driver@6812][0m Proxying [POST /session] to [POST http://127.0.0.1:8200/session] with body: {"capabilities":{"firstMatch":[{"platformName":"Android","deviceName":"emulator-5554","automationName":"UiAutomator2","appPackage":"com.companyname.appiumtestapp","appActivity":"crc64f0954e3e9cd062a0.MainActivity","appWaitActivity":"*","appWaitDuration":60000,"noReset":false,"autoGrantPermissions":true,"unicodeKeyboard":true,"resetKeyboard":true,"newCommandTimeout":180,"adbExecTimeout":120000,"uiautomator2ServerInstallTimeout":120000,"uiautomator2ServerLaunchTimeout":120000,"uiautomator2ServerReadTimeout":120000,"disableWindowAnimation":true,"platform":"LINUX","webStorageEnabled":false,"takesScreenshot":true,"javascriptEnabled":true,"databaseEnabled":false,"networkConnectionEnabled":true,"locationContextEnabled":false,"warnings":{},"desired":{"platformName":"Android","deviceName":"Pixel 9 Pro","automationName":"UiAutomator2","appPackage":"com.companyname.appiumtestapp","appActivity":"crc64f0954e3e9cd062a0.MainActivity","appWaitActivity":"*","appWaitDuration":60000,"noReset":false,"autoGrantPermissions":tru...
[38;5;221m[7c085cfe][0m[38;5;-168m[AndroidUiautomator2Driver@6812][0m Got response with status 200: {"sessionId":"e19a8d08-1459-41d4-b718-503fe7b4835d","value":{"capabilities":{"firstMatch":[{"platformName":"Android","deviceName":"emulator-5554","automationName":"UiAutomator2","appPackage":"com.companyname.appiumtestapp","appActivity":"crc64f0954e3e9cd062a0.MainActivity","appWaitActivity":"*","appWaitDuration":60000,"noReset":false,"autoGrantPermissions":true,"unicodeKeyboard":true,"resetKeyboard":true,"newCommandTimeout":180,"adbExecTimeout":120000,"uiautomator2ServerInstallTimeout":120000,"uiautomator2ServerLaunchTimeout":120000,"uiautomator2ServerReadTimeout":120000,"disableWindowAnimation":true,"platform":"LINUX","webStorageEnabled":false,"takesScreenshot":true,"javascriptEnabled":true,"databaseEnabled":false,"networkConnectionEnabled":true,"locationContextEnabled":false,"warnings":{},"desired":{"platformName":"Android","deviceName":"Pixel 9 Pro","automationName":"UiAutomator2","appPackage":"com.companyname.appiumtestapp","appActivity":"crc64f0954e3e9cd062a0.MainActivity","appWaitActivity":"*","appWa...
[38;5;221m[7c085cfe][0m[38;5;-168m[AndroidUiautomator2Driver@6812][0m Determined the downstream protocol as 'W3C'
[38;5;221m[7c085cfe][0m[38;5;-168m[AndroidUiautomator2Driver@6812][0m Proxying [GET /appium/device/pixel_ratio] to [GET http://127.0.0.1:8200/session/e19a8d08-1459-41d4-b718-503fe7b4835d/appium/device/pixel_ratio] with no body
[38;5;221m[7c085cfe][0m[38;5;-168m[AndroidUiautomator2Driver@6812][0m Proxying [GET /appium/device/system_bars] to [GET http://127.0.0.1:8200/session/e19a8d08-1459-41d4-b718-503fe7b4835d/appium/device/system_bars] with no body
[38;5;221m[7c085cfe][0m[38;5;-168m[AndroidUiautomator2Driver@6812][0m Proxying [GET /window/current/size] to [GET http://127.0.0.1:8200/session/e19a8d08-1459-41d4-b718-503fe7b4835d/window/current/size] with no body
[38;5;221m[7c085cfe][0m[38;5;-168m[AndroidUiautomator2Driver@6812][0m Proxying [GET /appium/device/info] to [GET http://127.0.0.1:8200/session/e19a8d08-1459-41d4-b718-503fe7b4835d/appium/device/info] with no body
[38;5;221m[7c085cfe][0m[38;5;229m[ADB][0m Running 'C:\Users\karlt\AppData\Local\Android\Sdk\platform-tools\adb.exe -P 5037 -s emulator-5554 shell dumpsys window'
[38;5;221m[7c085cfe][0m[38;5;229m[ADB][0m Running 'C:\Users\karlt\AppData\Local\Android\Sdk\platform-tools\adb.exe -P 5037 -s emulator-5554 shell dumpsys power'
[38;5;221m[7c085cfe][0m[38;5;-168m[AndroidUiautomator2Driver@6812][0m Got response with status 200: {"sessionId":"e19a8d08-1459-41d4-b718-503fe7b4835d","value":3}
[38;5;221m[7c085cfe][0m[38;5;-168m[AndroidUiautomator2Driver@6812][0m Got response with status 200: {"sessionId":"e19a8d08-1459-41d4-b718-503fe7b4835d","value":{"height":2856,"width":1280}}
[38;5;221m[7c085cfe][0m[38;5;-168m[AndroidUiautomator2Driver@6812][0m Got response with status 200: {"sessionId":"e19a8d08-1459-41d4-b718-503fe7b4835d","value":{"statusBar":156}}
[38;5;221m[7c085cfe][0m[38;5;-168m[AndroidUiautomator2Driver@6812][0m Got response with status 200: {"sessionId":"e19a8d08-1459-41d4-b718-503fe7b4835d","value":{"androidId":"62bef49e0de8fd81","apiVersion":"36","bluetooth":{"state":"ON"},"brand":"google","carrierName":"T-Mobile","displayDensity":480,"locale":"en_US","manufacturer":"Google","model":"sdk_gphone64_x86_64","networks":[{"capabilities":{"SSID":null,"linkDownBandwidthKbps":145000,"linkUpstreamBandwidthKbps":60000,"networkCapabilities":"NET_CAPABILITY_MMS,NET_CAPABILITY_SUPL,NET_CAPABILITY_DUN,NET_CAPABILITY_FOTA,NET_CAPABILITY_IMS,NET_CAPABILITY_CBS,NET_CAPABILITY_INTERNET,NET_CAPABILITY_NOT_RESTRICTED,NET_CAPABILITY_TRUSTED,NET_CAPABILITY_NOT_VPN,NET_CAPABILITY_VALIDATED,NET_CAPABILITY_NOT_ROAMING,NET_CAPABILITY_NOT_CONGESTED,NET_CAPABILITY_NOT_SUSPENDED","signalStrength":-2147483648,"transportTypes":"TRANSPORT_CELLULAR"},"detailedState":"CONNECTED","extraInfo":"epc.tmobile.com","isAvailable":true,"isConnected":true,"isFailover":false,"isRoaming":false,"state":"CONNECTED","subtype":20,"subtypeName":"NR","type":0,"typeName":"MOBILE"},{"capabilit...
[38;5;221m[7c085cfe][0m[38;5;-168m[AndroidUiautomator2Driver@6812][0m Screen already unlocked, doing nothing
[38;5;221m[7c085cfe][0m[38;5;-168m[AndroidUiautomator2Driver@6812][0m Starting 'com.companyname.appiumtestapp/crc64f0954e3e9cd062a0.MainActivity' and waiting for 'com.companyname.appiumtestapp/*'
[38;5;221m[7c085cfe][0m[38;5;229m[ADB][0m Running 'C:\Users\karlt\AppData\Local\Android\Sdk\platform-tools\adb.exe -P 5037 -s emulator-5554 shell am start-activity -W -n com.companyname.appiumtestapp/crc64f0954e3e9cd062a0.MainActivity -S -a android.intent.action.MAIN -c android.intent.category.LAUNCHER -f 0x10200000'
[38;5;221m[7c085cfe][0m[38;5;229m[ADB][0m Expected package names to be focused within 60000ms: 'com.companyname.appiumtestapp'
[38;5;221m[7c085cfe][0m[38;5;229m[ADB][0m Expected activity name patterns to be focused within 60000ms: '/^.*?$/', '/^com\.companyname\.appiumtestapp\..*?$/'
[38;5;221m[7c085cfe][0m[38;5;229m[ADB][0m Getting focused package and activity
[38;5;221m[7c085cfe][0m[38;5;229m[ADB][0m Running 'C:\Users\karlt\AppData\Local\Android\Sdk\platform-tools\adb.exe -P 5037 -s emulator-5554 shell dumpsys window displays'
[38;5;221m[7c085cfe][0m[38;5;229m[ADB][0m Focused package: com.companyname.appiumtestapp
[38;5;221m[7c085cfe][0m[38;5;229m[ADB][0m Focused fully qualified activity name: crc64f0954e3e9cd062a0.MainActivity
[38;5;221m[7c085cfe][0m[38;5;129m[AppiumDriver@8155][0m New AndroidUiautomator2Driver session created successfully, session 7c085cfe-be18-4804-a563-de07f3c44941 added to master session list
[38;5;221m[7c085cfe][0m[38;5;129m[AppiumDriver@8155][0m Event 'newSessionStarted' logged at 1770241605626 (21:46:45 GMT+0000 (Greenwich Mean Time))
[38;5;221m[7c085cfe][0m[38;5;-168m[AndroidUiautomator2Driver@6812][0m Cached the protocol value 'W3C' for the new session 7c085cfe-be18-4804-a563-de07f3c44941
[38;5;221m[7c085cfe][0m[38;5;-168m[AndroidUiautomator2Driver@6812][0m Responding to client with driver.createSession() result: {"capabilities":{"platformName":"Android","deviceName":"emulator-5554","automationName":"UiAutomator2","appPackage":"com.companyname.appiumtestapp","appActivity":"crc64f0954e3e9cd062a0.MainActivity","appWaitActivity":"*","appWaitDuration":60000,"noReset":false,"autoGrantPermissions":true,"unicodeKeyboard":true,"resetKeyboard":true,"newCommandTimeout":180,"adbExecTimeout":120000,"uiautomator2ServerInstallTimeout":120000,"uiautomator2ServerLaunchTimeout":120000,"uiautomator2ServerReadTimeout":120000,"disableWindowAnimation":true,"platform":"LINUX","webStorageEnabled":false,"takesScreenshot":true,"javascriptEnabled":true,"databaseEnabled":false,"networkConnectionEnabled":true,"locationContextEnabled":false,"warnings":{},"desired":{"platformName":"Android","deviceName":"Pixel 9 Pro","automationName":"UiAutomator2","appPackage":"com.companyname.appiumtestapp","appActivity":"crc64f0954e3e9cd062a0.MainActivity","appWaitActivity":"*","appWaitDuration":60000,"noReset":false,"autoGrantPermissions":true,"unicodeKeybo...
[38;5;221m[7c085cfe][0m[38;5;86m[HTTP][0m [37m<-- POST /session [39m[32m200[39m [90m8546 ms - 1610[39m [90m[39m
[38;5;221m[7c085cfe][0m[38;5;86m[HTTP][0m [37m-->[39m [37mGET[39m [37m/session/7c085cfe-be18-4804-a563-de07f3c44941/orientation[39m [90m[39m
[38;5;221m[7c085cfe][0m[38;5;-168m[AndroidUiautomator2Driver@6812][0m Driver proxy active, passing request on via HTTP proxy
[38;5;221m[7c085cfe][0m[38;5;-168m[AndroidUiautomator2Driver@6812][0m Matched '/session/7c085cfe-be18-4804-a563-de07f3c44941/orientation' to command name 'getOrientation'
[38;5;221m[7c085cfe][0m[38;5;-168m[AndroidUiautomator2Driver@6812][0m Proxying [GET /session/7c085cfe-be18-4804-a563-de07f3c44941/orientation] to [GET http://127.0.0.1:8200/session/e19a8d08-1459-41d4-b718-503fe7b4835d/orientation] with no body
[38;5;221m[7c085cfe][0m[38;5;-168m[AndroidUiautomator2Driver@6812][0m Got response with status 200: {"sessionId":"e19a8d08-1459-41d4-b718-503fe7b4835d","value":"PORTRAIT"}
[38;5;221m[7c085cfe][0m[38;5;-168m[AndroidUiautomator2Driver@6812][0m Replacing sessionId e19a8d08-1459-41d4-b718-503fe7b4835d with 7c085cfe-be18-4804-a563-de07f3c44941
[38;5;221m[7c085cfe][0m[38;5;86m[HTTP][0m [37m<-- GET /session/7c085cfe-be18-4804-a563-de07f3c44941/orientation [39m[32m200[39m [90m388 ms - 20[39m [90m[39m
[38;5;221m[7c085cfe][0m[38;5;86m[HTTP][0m [37m-->[39m [37mPOST[39m [37m/session/7c085cfe-be18-4804-a563-de07f3c44941/execute/sync[39m [90m{"script":"mobile: deviceInfo","args":[]}[39m
[38;5;221m[7c085cfe][0m[38;5;-168m[AndroidUiautomator2Driver@6812][0m Calling AppiumDriver.execute() with args: ["mobile: deviceInfo",[],"7c085cfe-be18-4804-a563-de07f3c44941"]
[38;5;221m[7c085cfe][0m[38;5;-168m[AndroidUiautomator2Driver@6812][0m Proxying [GET /appium/device/info] to [GET http://127.0.0.1:8200/session/e19a8d08-1459-41d4-b718-503fe7b4835d/appium/device/info] with no body
[38;5;221m[7c085cfe][0m[38;5;-168m[AndroidUiautomator2Driver@6812][0m Got response with status 200: {"sessionId":"e19a8d08-1459-41d4-b718-503fe7b4835d","value":{"androidId":"62bef49e0de8fd81","apiVersion":"36","bluetooth":{"state":"ON"},"brand":"google","carrierName":"T-Mobile","displayDensity":480,"locale":"en_US","manufacturer":"Google","model":"sdk_gphone64_x86_64","networks":[{"capabilities":{"SSID":null,"linkDownBandwidthKbps":145000,"linkUpstreamBandwidthKbps":60000,"networkCapabilities":"NET_CAPABILITY_MMS,NET_CAPABILITY_SUPL,NET_CAPABILITY_DUN,NET_CAPABILITY_FOTA,NET_CAPABILITY_IMS,NET_CAPABILITY_CBS,NET_CAPABILITY_INTERNET,NET_CAPABILITY_NOT_RESTRICTED,NET_CAPABILITY_TRUSTED,NET_CAPABILITY_NOT_VPN,NET_CAPABILITY_VALIDATED,NET_CAPABILITY_NOT_ROAMING,NET_CAPABILITY_NOT_CONGESTED,NET_CAPABILITY_NOT_SUSPENDED","signalStrength":-2147483648,"transportTypes":"TRANSPORT_CELLULAR"},"detailedState":"CONNECTED","extraInfo":"epc.tmobile.com","isAvailable":true,"isConnected":true,"isFailover":false,"isRoaming":false,"state":"CONNECTED","subtype":20,"subtypeName":"NR","type":0,"typeName":"MOBILE"},{"capabilit...
[38;5;221m[7c085cfe][0m[38;5;-168m[AndroidUiautomator2Driver@6812][0m Responding to client with driver.execute() result: {"androidId":"62bef49e0de8fd81","apiVersion":"36","bluetooth":{"state":"ON"},"brand":"google","carrierName":"T-Mobile","displayDensity":480,"locale":"en_US","manufacturer":"Google","model":"sdk_gphone64_x86_64","networks":[{"capabilities":{"SSID":null,"linkDownBandwidthKbps":145000,"linkUpstreamBandwidthKbps":60000,"networkCapabilities":"NET_CAPABILITY_MMS,NET_CAPABILITY_SUPL,NET_CAPABILITY_DUN,NET_CAPABILITY_FOTA,NET_CAPABILITY_IMS,NET_CAPABILITY_CBS,NET_CAPABILITY_INTERNET,NET_CAPABILITY_NOT_RESTRICTED,NET_CAPABILITY_TRUSTED,NET_CAPABILITY_NOT_VPN,NET_CAPABILITY_VALIDATED,NET_CAPABILITY_NOT_ROAMING,NET_CAPABILITY_NOT_CONGESTED,NET_CAPABILITY_NOT_SUSPENDED","signalStrength":-2147483648,"transportTypes":"TRANSPORT_CELLULAR"},"detailedState":"CONNECTED","extraInfo":"epc.tmobile.com","isAvailable":true,"isConnected":true,"isFailover":false,"isRoaming":false,"state":"CONNECTED","subtype":20,"subtypeName":"NR","type":0,"typeName":"MOBILE"},{"capabilities":{"SSID":null,"linkDownBandwidthKbps":30000,"linkUpstrea...
[38;5;221m[7c085cfe][0m[38;5;86m[HTTP][0m [37m<-- POST /session/7c085cfe-be18-4804-a563-de07f3c44941/execute/sync [39m[32m200[39m [90m18 ms - 1673[39m [90m[39m
[38;5;221m[7c085cfe][0m[38;5;86m[HTTP][0m [37m-->[39m [37mPOST[39m [37m/session/7c085cfe-be18-4804-a563-de07f3c44941/element[39m [90m{"using":"id","value":"ShoppingListBox"}[39m
[38;5;221m[7c085cfe][0m[38;5;-168m[AndroidUiautomator2Driver@6812][0m Calling AppiumDriver.findElement() with args: ["id","ShoppingListBox","7c085cfe-be18-4804-a563-de07f3c44941"]
[38;5;221m[7c085cfe][0m[38;5;-168m[AndroidUiautomator2Driver@6812][0m Valid locator strategies for this request: xpath, id, class name, accessibility id, css selector, -android uiautomator
[38;5;221m[7c085cfe][0m[38;5;-168m[AndroidUiautomator2Driver@6812][0m Waiting up to 0 ms for condition
[38;5;221m[7c085cfe][0m[38;5;-168m[AndroidUiautomator2Driver@6812][0m Matched '/element' to command name 'findElement'
[38;5;221m[7c085cfe][0m[38;5;-168m[AndroidUiautomator2Driver@6812][0m Proxying [POST /element] to [POST http://127.0.0.1:8200/session/e19a8d08-1459-41d4-b718-503fe7b4835d/element] with body: {"strategy":"id","selector":"ShoppingListBox","context":"","multiple":false}
[38;5;221m[7c085cfe][0m[38;5;-168m[AndroidUiautomator2Driver@6812][0m Got response with status 200: {"sessionId":"e19a8d08-1459-41d4-b718-503fe7b4835d","value":{"ELEMENT":"00000000-0000-0809-ffff-ffff00000020","element-6066-11e4-a52e-4f735466cecf":"00000000-0000-0809-ffff-ffff00000020"}}
[38;5;221m[7c085cfe][0m[38;5;-168m[AndroidUiautomator2Driver@6812][0m Responding to client with driver.findElement() result: {"element-6066-11e4-a52e-4f735466cecf":"00000000-0000-0809-ffff-ffff00000020","ELEMENT":"00000000-0000-0809-ffff-ffff00000020"}
[38;5;221m[7c085cfe][0m[38;5;86m[HTTP][0m [37m<-- POST /session/7c085cfe-be18-4804-a563-de07f3c44941/element [39m[32m200[39m [90m83 ms - 137[39m [90m[39m
[38;5;221m[7c085cfe][0m[38;5;86m[HTTP][0m [37m-->[39m [37mPOST[39m [37m/session/7c085cfe-be18-4804-a563-de07f3c44941/element/00000000-0000-0809-ffff-ffff00000020/clear[39m [90m{}[39m
[38;5;221m[7c085cfe][0m[38;5;-168m[AndroidUiautomator2Driver@6812][0m Calling AppiumDriver.clear() with args: ["00000000-0000-0809-ffff-ffff00000020","7c085cfe-be18-4804-a563-de07f3c44941"]
[38;5;221m[7c085cfe][0m[38;5;-168m[AndroidUiautomator2Driver@6812][0m Matched '/element/00000000-0000-0809-ffff-ffff00000020/clear' to command name 'clear'
[38;5;221m[7c085cfe][0m[38;5;-168m[AndroidUiautomator2Driver@6812][0m Proxying [POST /element/00000000-0000-0809-ffff-ffff00000020/clear] to [POST http://127.0.0.1:8200/session/e19a8d08-1459-41d4-b718-503fe7b4835d/element/00000000-0000-0809-ffff-ffff00000020/clear] with body: {"elementId":"00000000-0000-0809-ffff-ffff00000020"}
[38;5;221m[7c085cfe][0m[38;5;-168m[AndroidUiautomator2Driver@6812][0m Got response with status 200: {"sessionId":"e19a8d08-1459-41d4-b718-503fe7b4835d","value":null}
[38;5;221m[7c085cfe][0m[38;5;-168m[AndroidUiautomator2Driver@6812][0m Responding to client with driver.clear() result: null
[38;5;221m[7c085cfe][0m[38;5;86m[HTTP][0m [37m<-- POST /session/7c085cfe-be18-4804-a563-de07f3c44941/element/00000000-0000-0809-ffff-ffff00000020/clear [39m[32m200[39m [90m33 ms - 14[39m [90m[39m
[38;5;221m[7c085cfe][0m[38;5;86m[HTTP][0m [37m-->[39m [37mPOST[39m [37m/session/7c085cfe-be18-4804-a563-de07f3c44941/element/00000000-0000-0809-ffff-ffff00000020/value[39m [90m{"text":"Apples"}[39m
[38;5;221m[7c085cfe][0m[38;5;-168m[AndroidUiautomator2Driver@6812][0m Calling AppiumDriver.setValue() with args: ["Apples","00000000-0000-0809-ffff-ffff00000020","7c085cfe-be18-4804-a563-de07f3c44941"]
[38;5;221m[7c085cfe][0m[38;5;-168m[AndroidUiautomator2Driver@6812][0m Matched '/element/00000000-0000-0809-ffff-ffff00000020/value' to command name 'setValue'
[38;5;221m[7c085cfe][0m[38;5;-168m[AndroidUiautomator2Driver@6812][0m Added 'value' property to 'setValue' request body
[38;5;221m[7c085cfe][0m[38;5;-168m[AndroidUiautomator2Driver@6812][0m Proxying [POST /element/00000000-0000-0809-ffff-ffff00000020/value] to [POST http://127.0.0.1:8200/session/e19a8d08-1459-41d4-b718-503fe7b4835d/element/00000000-0000-0809-ffff-ffff00000020/value] with body: {"elementId":"00000000-0000-0809-ffff-ffff00000020","text":"Apples","replace":false,"value":["A","p","p","l","e","s"]}
[38;5;221m[7c085cfe][0m[38;5;-168m[AndroidUiautomator2Driver@6812][0m Got response with status 200: {"sessionId":"e19a8d08-1459-41d4-b718-503fe7b4835d","value":null}
[38;5;221m[7c085cfe][0m[38;5;-168m[AndroidUiautomator2Driver@6812][0m Responding to client with driver.setValue() result: null
[38;5;221m[7c085cfe][0m[38;5;86m[HTTP][0m [37m<-- POST /session/7c085cfe-be18-4804-a563-de07f3c44941/element/00000000-0000-0809-ffff-ffff00000020/value [39m[32m200[39m [90m1043 ms - 14[39m [90m[39m
[38;5;221m[7c085cfe][0m[38;5;86m[HTTP][0m [37m-->[39m [37mPOST[39m [37m/session/7c085cfe-be18-4804-a563-de07f3c44941/element[39m [90m{"using":"id","value":"AddShoppingListItem"}[39m
[38;5;221m[7c085cfe][0m[38;5;-168m[AndroidUiautomator2Driver@6812][0m Calling AppiumDriver.findElement() with args: ["id","AddShoppingListItem","7c085cfe-be18-4804-a563-de07f3c44941"]
[38;5;221m[7c085cfe][0m[38;5;-168m[AndroidUiautomator2Driver@6812][0m Valid locator strategies for this request: xpath, id, class name, accessibility id, css selector, -android uiautomator
[38;5;221m[7c085cfe][0m[38;5;-168m[AndroidUiautomator2Driver@6812][0m Waiting up to 0 ms for condition
[38;5;221m[7c085cfe][0m[38;5;-168m[AndroidUiautomator2Driver@6812][0m Matched '/element' to command name 'findElement'
[38;5;221m[7c085cfe][0m[38;5;-168m[AndroidUiautomator2Driver@6812][0m Proxying [POST /element] to [POST http://127.0.0.1:8200/session/e19a8d08-1459-41d4-b718-503fe7b4835d/element] with body: {"strategy":"id","selector":"AddShoppingListItem","context":"","multiple":false}
[38;5;221m[7c085cfe][0m[38;5;-168m[AndroidUiautomator2Driver@6812][0m Got response with status 200: {"sessionId":"e19a8d08-1459-41d4-b718-503fe7b4835d","value":{"ELEMENT":"00000000-0000-0809-ffff-ffff00000022","element-6066-11e4-a52e-4f735466cecf":"00000000-0000-0809-ffff-ffff00000022"}}
[38;5;221m[7c085cfe][0m[38;5;-168m[AndroidUiautomator2Driver@6812][0m Responding to client with driver.findElement() result: {"element-6066-11e4-a52e-4f735466cecf":"00000000-0000-0809-ffff-ffff00000022","ELEMENT":"00000000-0000-0809-ffff-ffff00000022"}
[38;5;221m[7c085cfe][0m[38;5;86m[HTTP][0m [37m<-- POST /session/7c085cfe-be18-4804-a563-de07f3c44941/element [39m[32m200[39m [90m608 ms - 137[39m [90m[39m
[38;5;221m[7c085cfe][0m[38;5;86m[HTTP][0m [37m-->[39m [37mPOST[39m [37m/session/7c085cfe-be18-4804-a563-de07f3c44941/element/00000000-0000-0809-ffff-ffff00000022/click[39m [90m{}[39m
[38;5;221m[7c085cfe][0m[38;5;-168m[AndroidUiautomator2Driver@6812][0m Calling AppiumDriver.click() with args: ["00000000-0000-0809-ffff-ffff00000022","7c085cfe-be18-4804-a563-de07f3c44941"]
[38;5;221m[7c085cfe][0m[38;5;-168m[AndroidUiautomator2Driver@6812][0m Matched '/element/00000000-0000-0809-ffff-ffff00000022/click' to command name 'click'
[38;5;221m[7c085cfe][0m[38;5;-168m[AndroidUiautomator2Driver@6812][0m Proxying [POST /element/00000000-0000-0809-ffff-ffff00000022/click] to [POST http://127.0.0.1:8200/session/e19a8d08-1459-41d4-b718-503fe7b4835d/element/00000000-0000-0809-ffff-ffff00000022/click] with body: {"element":"00000000-0000-0809-ffff-ffff00000022"}
[38;5;221m[7c085cfe][0m[38;5;-168m[AndroidUiautomator2Driver@6812][0m Got response with status 200: {"sessionId":"e19a8d08-1459-41d4-b718-503fe7b4835d","value":null}
[38;5;221m[7c085cfe][0m[38;5;-168m[AndroidUiautomator2Driver@6812][0m Responding to client with driver.click() result: null
[38;5;221m[7c085cfe][0m[38;5;86m[HTTP][0m [37m<-- POST /session/7c085cfe-be18-4804-a563-de07f3c44941/element/00000000-0000-0809-ffff-ffff00000022/click [39m[32m200[39m [90m76 ms - 14[39m [90m[39m
[38;5;221m[7c085cfe][0m[38;5;86m[HTTP][0m [37m-->[39m [37mPOST[39m [37m/session/7c085cfe-be18-4804-a563-de07f3c44941/elements[39m [90m{"using":"id","value":"ItemRow"}[39m
[38;5;221m[7c085cfe][0m[38;5;-168m[AndroidUiautomator2Driver@6812][0m Calling AppiumDriver.findElements() with args: ["id","ItemRow","7c085cfe-be18-4804-a563-de07f3c44941"]
[38;5;221m[7c085cfe][0m[38;5;-168m[AndroidUiautomator2Driver@6812][0m Valid locator strategies for this request: xpath, id, class name, accessibility id, css selector, -android uiautomator
[38;5;221m[7c085cfe][0m[38;5;-168m[AndroidUiautomator2Driver@6812][0m Waiting up to 0 ms for condition
[38;5;221m[7c085cfe][0m[38;5;-168m[AndroidUiautomator2Driver@6812][0m Matched '/elements' to command name 'findElements'
[38;5;221m[7c085cfe][0m[38;5;-168m[AndroidUiautomator2Driver@6812][0m Proxying [POST /elements] to [POST http://127.0.0.1:8200/session/e19a8d08-1459-41d4-b718-503fe7b4835d/elements] with body: {"strategy":"id","selector":"ItemRow","context":"","multiple":true}
[38;5;221m[7c085cfe][0m[38;5;-168m[AndroidUiautomator2Driver@6812][0m Got response with status 200: {"sessionId":"e19a8d08-1459-41d4-b718-503fe7b4835d","value":[{"ELEMENT":"00000000-0000-0809-ffff-ffff00000028","element-6066-11e4-a52e-4f735466cecf":"00000000-0000-0809-ffff-ffff00000028"}]}
[38;5;221m[7c085cfe][0m[38;5;-168m[AndroidUiautomator2Driver@6812][0m Responding to client with driver.findElements() result: [{"element-6066-11e4-a52e-4f735466cecf":"00000000-0000-0809-ffff-ffff00000028","ELEMENT":"00000000-0000-0809-ffff-ffff00000028"}]
[38;5;221m[7c085cfe][0m[38;5;86m[HTTP][0m [37m<-- POST /session/7c085cfe-be18-4804-a563-de07f3c44941/elements [39m[32m200[39m [90m351 ms - 139[39m [90m[39m
[38;5;221m[7c085cfe][0m[38;5;86m[HTTP][0m [37m-->[39m [37mPOST[39m [37m/session/7c085cfe-be18-4804-a563-de07f3c44941/elements[39m [90m{"using":"id","value":"ItemRow"}[39m
[38;5;221m[7c085cfe][0m[38;5;-168m[AndroidUiautomator2Driver@6812][0m Calling AppiumDriver.findElements() with args: ["id","ItemRow","7c085cfe-be18-4804-a563-de07f3c44941"]
[38;5;221m[7c085cfe][0m[38;5;-168m[AndroidUiautomator2Driver@6812][0m Valid locator strategies for this request: xpath, id, class name, accessibility id, css selector, -android uiautomator
[38;5;221m[7c085cfe][0m[38;5;-168m[AndroidUiautomator2Driver@6812][0m Waiting up to 0 ms for condition
[38;5;221m[7c085cfe][0m[38;5;-168m[AndroidUiautomator2Driver@6812][0m Matched '/elements' to command name 'findElements'
[38;5;221m[7c085cfe][0m[38;5;-168m[AndroidUiautomator2Driver@6812][0m Proxying [POST /elements] to [POST http://127.0.0.1:8200/session/e19a8d08-1459-41d4-b718-503fe7b4835d/elements] with body: {"strategy":"id","selector":"ItemRow","context":"","multiple":true}
[38;5;221m[7c085cfe][0m[38;5;-168m[AndroidUiautomator2Driver@6812][0m Got response with status 200: {"sessionId":"e19a8d08-1459-41d4-b718-503fe7b4835d","value":[{"ELEMENT":"00000000-0000-0809-ffff-ffff00000028","element-6066-11e4-a52e-4f735466cecf":"00000000-0000-0809-ffff-ffff00000028"}]}
[38;5;221m[7c085cfe][0m[38;5;-168m[AndroidUiautomator2Driver@6812][0m Responding to client with driver.findElements() result: [{"element-6066-11e4-a52e-4f735466cecf":"00000000-0000-0809-ffff-ffff00000028","ELEMENT":"00000000-0000-0809-ffff-ffff00000028"}]
[38;5;221m[7c085cfe][0m[38;5;86m[HTTP][0m [37m<-- POST /session/7c085cfe-be18-4804-a563-de07f3c44941/elements [39m[32m200[39m [90m553 ms - 139[39m [90m[39m
[38;5;221m[7c085cfe][0m[38;5;86m[HTTP][0m [37m-->[39m [37mGET[39m [37m/session/7c085cfe-be18-4804-a563-de07f3c44941/element/00000000-0000-0809-ffff-ffff00000028/displayed[39m [90m[39m
[38;5;221m[7c085cfe][0m[38;5;-168m[AndroidUiautomator2Driver@6812][0m Calling AppiumDriver.elementDisplayed() with args: ["00000000-0000-0809-ffff-ffff00000028","7c085cfe-be18-4804-a563-de07f3c44941"]
[38;5;221m[7c085cfe][0m[38;5;-168m[AndroidUiautomator2Driver@6812][0m Matched '/element/00000000-0000-0809-ffff-ffff00000028/attribute/displayed' to command name 'getAttribute'
[38;5;221m[7c085cfe][0m[38;5;-168m[AndroidUiautomator2Driver@6812][0m Proxying [GET /element/00000000-0000-0809-ffff-ffff00000028/attribute/displayed] to [GET http://127.0.0.1:8200/session/e19a8d08-1459-41d4-b718-503fe7b4835d/element/00000000-0000-0809-ffff-ffff00000028/attribute/displayed] with no body
[38;5;221m[7c085cfe][0m[38;5;-168m[AndroidUiautomator2Driver@6812][0m Got response with status 200: {"sessionId":"e19a8d08-1459-41d4-b718-503fe7b4835d","value":"true"}
[38;5;221m[7c085cfe][0m[38;5;-168m[AndroidUiautomator2Driver@6812][0m Responding to client with driver.elementDisplayed() result: true
[38;5;221m[7c085cfe][0m[38;5;86m[HTTP][0m [37m<-- GET /session/7c085cfe-be18-4804-a563-de07f3c44941/element/00000000-0000-0809-ffff-ffff00000028/displayed [39m[32m200[39m [90m26 ms - 14[39m [90m[39m
[38;5;221m[7c085cfe][0m[38;5;86m[HTTP][0m [37m-->[39m [37mPOST[39m [37m/session/7c085cfe-be18-4804-a563-de07f3c44941/element/00000000-0000-0809-ffff-ffff00000028/element[39m [90m{"using":"id","value":"ItemLabel"}[39m
[38;5;221m[7c085cfe][0m[38;5;-168m[AndroidUiautomator2Driver@6812][0m Calling AppiumDriver.findElementFromElement() with args: ["id","ItemLabel","00000000-0000-0809-ffff-ffff00000028","7c085cfe-be18-4804-a563-de07f3c44941"]
[38;5;221m[7c085cfe][0m[38;5;-168m[AndroidUiautomator2Driver@6812][0m Valid locator strategies for this request: xpath, id, class name, accessibility id, css selector, -android uiautomator
[38;5;221m[7c085cfe][0m[38;5;-168m[AndroidUiautomator2Driver@6812][0m Waiting up to 0 ms for condition
[38;5;221m[7c085cfe][0m[38;5;-168m[AndroidUiautomator2Driver@6812][0m Matched '/element' to command name 'findElement'
[38;5;221m[7c085cfe][0m[38;5;-168m[AndroidUiautomator2Driver@6812][0m Proxying [POST /element] to [POST http://127.0.0.1:8200/session/e19a8d08-1459-41d4-b718-503fe7b4835d/element] with body: {"strategy":"id","selector":"ItemLabel","context":"00000000-0000-0809-ffff-ffff00000028","multiple":false}
[38;5;221m[7c085cfe][0m[38;5;-168m[AndroidUiautomator2Driver@6812][0m Got response with status 200: {"sessionId":"e19a8d08-1459-41d4-b718-503fe7b4835d","value":{"ELEMENT":"00000000-0000-0809-ffff-ffff0000002b","element-6066-11e4-a52e-4f735466cecf":"00000000-0000-0809-ffff-ffff0000002b"}}
[38;5;221m[7c085cfe][0m[38;5;-168m[AndroidUiautomator2Driver@6812][0m Responding to client with driver.findElementFromElement() result: {"element-6066-11e4-a52e-4f735466cecf":"00000000-0000-0809-ffff-ffff0000002b","ELEMENT":"00000000-0000-0809-ffff-ffff0000002b"}
[38;5;221m[7c085cfe][0m[38;5;86m[HTTP][0m [37m<-- POST /session/7c085cfe-be18-4804-a563-de07f3c44941/element/00000000-0000-0809-ffff-ffff00000028/element [39m[32m200[39m [90m14 ms - 137[39m [90m[39m
[38;5;221m[7c085cfe][0m[38;5;86m[HTTP][0m [37m-->[39m [37mGET[39m [37m/session/7c085cfe-be18-4804-a563-de07f3c44941/element/00000000-0000-0809-ffff-ffff0000002b/text[39m [90m[39m
[38;5;221m[7c085cfe][0m[38;5;-168m[AndroidUiautomator2Driver@6812][0m Driver proxy active, passing request on via HTTP proxy
[38;5;221m[7c085cfe][0m[38;5;-168m[AndroidUiautomator2Driver@6812][0m Matched '/session/7c085cfe-be18-4804-a563-de07f3c44941/element/00000000-0000-0809-ffff-ffff0000002b/text' to command name 'getText'
[38;5;221m[7c085cfe][0m[38;5;-168m[AndroidUiautomator2Driver@6812][0m Proxying [GET /session/7c085cfe-be18-4804-a563-de07f3c44941/element/00000000-0000-0809-ffff-ffff0000002b/text] to [GET http://127.0.0.1:8200/session/e19a8d08-1459-41d4-b718-503fe7b4835d/element/00000000-0000-0809-ffff-ffff0000002b/text] with no body
[38;5;221m[7c085cfe][0m[38;5;-168m[AndroidUiautomator2Driver@6812][0m Got response with status 200: {"sessionId":"e19a8d08-1459-41d4-b718-503fe7b4835d","value":"Apples"}
[38;5;221m[7c085cfe][0m[38;5;-168m[AndroidUiautomator2Driver@6812][0m Replacing sessionId e19a8d08-1459-41d4-b718-503fe7b4835d with 7c085cfe-be18-4804-a563-de07f3c44941
[38;5;221m[7c085cfe][0m[38;5;86m[HTTP][0m [37m<-- GET /session/7c085cfe-be18-4804-a563-de07f3c44941/element/00000000-0000-0809-ffff-ffff0000002b/text [39m[32m200[39m [90m13 ms - 18[39m [90m[39m
[38;5;221m[7c085cfe][0m[38;5;86m[HTTP][0m [37m-->[39m [37mPOST[39m [37m/session/7c085cfe-be18-4804-a563-de07f3c44941/element/00000000-0000-0809-ffff-ffff00000028/element[39m [90m{"using":"id","value":"ItemLabel"}[39m
[38;5;221m[7c085cfe][0m[38;5;-168m[AndroidUiautomator2Driver@6812][0m Calling AppiumDriver.findElementFromElement() with args: ["id","ItemLabel","00000000-0000-0809-ffff-ffff00000028","7c085cfe-be18-4804-a563-de07f3c44941"]
[38;5;221m[7c085cfe][0m[38;5;-168m[AndroidUiautomator2Driver@6812][0m Valid locator strategies for this request: xpath, id, class name, accessibility id, css selector, -android uiautomator
[38;5;221m[7c085cfe][0m[38;5;-168m[AndroidUiautomator2Driver@6812][0m Waiting up to 0 ms for condition
[38;5;221m[7c085cfe][0m[38;5;-168m[AndroidUiautomator2Driver@6812][0m Matched '/element' to command name 'findElement'
[38;5;221m[7c085cfe][0m[38;5;-168m[AndroidUiautomator2Driver@6812][0m Proxying [POST /element] to [POST http://127.0.0.1:8200/session/e19a8d08-1459-41d4-b718-503fe7b4835d/element] with body: {"strategy":"id","selector":"ItemLabel","context":"00000000-0000-0809-ffff-ffff00000028","multiple":false}
[38;5;221m[7c085cfe][0m[38;5;-168m[AndroidUiautomator2Driver@6812][0m Got response with status 200: {"sessionId":"e19a8d08-1459-41d4-b718-503fe7b4835d","value":{"ELEMENT":"00000000-0000-0809-ffff-ffff0000002b","element-6066-11e4-a52e-4f735466cecf":"00000000-0000-0809-ffff-ffff0000002b"}}
[38;5;221m[7c085cfe][0m[38;5;-168m[AndroidUiautomator2Driver@6812][0m Responding to client with driver.findElementFromElement() result: {"element-6066-11e4-a52e-4f735466cecf":"00000000-0000-0809-ffff-ffff0000002b","ELEMENT":"00000000-0000-0809-ffff-ffff0000002b"}
[38;5;221m[7c085cfe][0m[38;5;86m[HTTP][0m [37m<-- POST /session/7c085cfe-be18-4804-a563-de07f3c44941/element/00000000-0000-0809-ffff-ffff00000028/element [39m[32m200[39m [90m14 ms - 137[39m [90m[39m
[38;5;221m[7c085cfe][0m[38;5;86m[HTTP][0m [37m-->[39m [37mGET[39m [37m/session/7c085cfe-be18-4804-a563-de07f3c44941/element/00000000-0000-0809-ffff-ffff00000028/displayed[39m [90m[39m
[38;5;221m[7c085cfe][0m[38;5;-168m[AndroidUiautomator2Driver@6812][0m Calling AppiumDriver.elementDisplayed() with args: ["00000000-0000-0809-ffff-ffff00000028","7c085cfe-be18-4804-a563-de07f3c44941"]
[38;5;221m[7c085cfe][0m[38;5;-168m[AndroidUiautomator2Driver@6812][0m Matched '/element/00000000-0000-0809-ffff-ffff00000028/attribute/displayed' to command name 'getAttribute'
[38;5;221m[7c085cfe][0m[38;5;-168m[AndroidUiautomator2Driver@6812][0m Proxying [GET /element/00000000-0000-0809-ffff-ffff00000028/attribute/displayed] to [GET http://127.0.0.1:8200/session/e19a8d08-1459-41d4-b718-503fe7b4835d/element/00000000-0000-0809-ffff-ffff00000028/attribute/displayed] with no body
[38;5;221m[7c085cfe][0m[38;5;-168m[AndroidUiautomator2Driver@6812][0m Got response with status 200: {"sessionId":"e19a8d08-1459-41d4-b718-503fe7b4835d","value":"true"}
[38;5;221m[7c085cfe][0m[38;5;-168m[AndroidUiautomator2Driver@6812][0m Responding to client with driver.elementDisplayed() result: true
[38;5;221m[7c085cfe][0m[38;5;86m[HTTP][0m [37m<-- GET /session/7c085cfe-be18-4804-a563-de07f3c44941/element/00000000-0000-0809-ffff-ffff00000028/displayed [39m[32m200[39m [90m10 ms - 14[39m [90m[39m
[38;5;221m[7c085cfe][0m[38;5;86m[HTTP][0m [37m-->[39m [37mPOST[39m [37m/session/7c085cfe-be18-4804-a563-de07f3c44941/element/00000000-0000-0809-ffff-ffff00000028/click[39m [90m{}[39m
[38;5;221m[7c085cfe][0m[38;5;-168m[AndroidUiautomator2Driver@6812][0m Calling AppiumDriver.click() with args: ["00000000-0000-0809-ffff-ffff00000028","7c085cfe-be18-4804-a563-de07f3c44941"]
[38;5;221m[7c085cfe][0m[38;5;-168m[AndroidUiautomator2Driver@6812][0m Matched '/element/00000000-0000-0809-ffff-ffff00000028/click' to command name 'click'
[38;5;221m[7c085cfe][0m[38;5;-168m[AndroidUiautomator2Driver@6812][0m Proxying [POST /element/00000000-0000-0809-ffff-ffff00000028/click] to [POST http://127.0.0.1:8200/session/e19a8d08-1459-41d4-b718-503fe7b4835d/element/00000000-0000-0809-ffff-ffff00000028/click] with body: {"element":"00000000-0000-0809-ffff-ffff00000028"}
[38;5;221m[7c085cfe][0m[38;5;86m[HTTP][0m [37m-->[39m [37mPOST[39m [37m/session/7c085cfe-be18-4804-a563-de07f3c44941/element[39m [90m{"using":"id","value":"ItemCategory"}[39m
[38;5;221m[7c085cfe][0m[38;5;-168m[AndroidUiautomator2Driver@6812][0m Calling AppiumDriver.findElement() with args: ["id","ItemCategory","7c085cfe-be18-4804-a563-de07f3c44941"]
[38;5;221m[7c085cfe][0m[38;5;-168m[AndroidUiautomator2Driver@6812][0m Got response with status 200: {"sessionId":"e19a8d08-1459-41d4-b718-503fe7b4835d","value":null}
[38;5;221m[7c085cfe][0m[38;5;-168m[AndroidUiautomator2Driver@6812][0m Valid locator strategies for this request: xpath, id, class name, accessibility id, css selector, -android uiautomator
[38;5;221m[7c085cfe][0m[38;5;-168m[AndroidUiautomator2Driver@6812][0m Waiting up to 0 ms for condition
[38;5;221m[7c085cfe][0m[38;5;-168m[AndroidUiautomator2Driver@6812][0m Matched '/element' to command name 'findElement'
[38;5;221m[7c085cfe][0m[38;5;-168m[AndroidUiautomator2Driver@6812][0m Proxying [POST /element] to [POST http://127.0.0.1:8200/session/e19a8d08-1459-41d4-b718-503fe7b4835d/element] with body: {"strategy":"id","selector":"ItemCategory","context":"","multiple":false}
[38;5;221m[7c085cfe][0m[38;5;-168m[AndroidUiautomator2Driver@6812][0m Responding to client with driver.click() result: null
[38;5;221m[7c085cfe][0m[38;5;86m[HTTP][0m [37m<-- POST /session/7c085cfe-be18-4804-a563-de07f3c44941/element/00000000-0000-0809-ffff-ffff00000028/click [39m[32m200[39m [90m70 ms - 14[39m [90m[39m
[38;5;221m[7c085cfe][0m[38;5;-168m[AndroidUiautomator2Driver@6812][0m Got response with status 200: {"sessionId":"e19a8d08-1459-41d4-b718-503fe7b4835d","value":{"ELEMENT":"00000000-0000-0809-ffff-ffff00000039","element-6066-11e4-a52e-4f735466cecf":"00000000-0000-0809-ffff-ffff00000039"}}
[38;5;221m[7c085cfe][0m[38;5;-168m[AndroidUiautomator2Driver@6812][0m Responding to client with driver.findElement() result: {"element-6066-11e4-a52e-4f735466cecf":"00000000-0000-0809-ffff-ffff00000039","ELEMENT":"00000000-0000-0809-ffff-ffff00000039"}
[38;5;221m[7c085cfe][0m[38;5;86m[HTTP][0m [37m<-- POST /session/7c085cfe-be18-4804-a563-de07f3c44941/element [39m[32m200[39m [90m738 ms - 137[39m [90m[39m
[38;5;221m[7c085cfe][0m[38;5;86m[HTTP][0m [37m-->[39m [37mGET[39m [37m/session/7c085cfe-be18-4804-a563-de07f3c44941/element/00000000-0000-0809-ffff-ffff00000039/displayed[39m [90m[39m
[38;5;221m[7c085cfe][0m[38;5;-168m[AndroidUiautomator2Driver@6812][0m Calling AppiumDriver.elementDisplayed() with args: ["00000000-0000-0809-ffff-ffff00000039","7c085cfe-be18-4804-a563-de07f3c44941"]
[38;5;221m[7c085cfe][0m[38;5;-168m[AndroidUiautomator2Driver@6812][0m Matched '/element/00000000-0000-0809-ffff-ffff00000039/attribute/displayed' to command name 'getAttribute'
[38;5;221m[7c085cfe][0m[38;5;-168m[AndroidUiautomator2Driver@6812][0m Proxying [GET /element/00000000-0000-0809-ffff-ffff00000039/attribute/displayed] to [GET http://127.0.0.1:8200/session/e19a8d08-1459-41d4-b718-503fe7b4835d/element/00000000-0000-0809-ffff-ffff00000039/attribute/displayed] with no body
[38;5;221m[7c085cfe][0m[38;5;-168m[AndroidUiautomator2Driver@6812][0m Got response with status 200: {"sessionId":"e19a8d08-1459-41d4-b718-503fe7b4835d","value":"true"}
[38;5;221m[7c085cfe][0m[38;5;-168m[AndroidUiautomator2Driver@6812][0m Responding to client with driver.elementDisplayed() result: true
[38;5;221m[7c085cfe][0m[38;5;86m[HTTP][0m [37m<-- GET /session/7c085cfe-be18-4804-a563-de07f3c44941/element/00000000-0000-0809-ffff-ffff00000039/displayed [39m[32m200[39m [90m599 ms - 14[39m [90m[39m
[38;5;221m[7c085cfe][0m[38;5;86m[HTTP][0m [37m-->[39m [37mPOST[39m [37m/session/7c085cfe-be18-4804-a563-de07f3c44941/element[39m [90m{"using":"id","value":"ItemCategory"}[39m
[38;5;221m[7c085cfe][0m[38;5;-168m[AndroidUiautomator2Driver@6812][0m Calling AppiumDriver.findElement() with args: ["id","ItemCategory","7c085cfe-be18-4804-a563-de07f3c44941"]
[38;5;221m[7c085cfe][0m[38;5;-168m[AndroidUiautomator2Driver@6812][0m Valid locator strategies for this request: xpath, id, class name, accessibility id, css selector, -android uiautomator
[38;5;221m[7c085cfe][0m[38;5;-168m[AndroidUiautomator2Driver@6812][0m Waiting up to 0 ms for condition
[38;5;221m[7c085cfe][0m[38;5;-168m[AndroidUiautomator2Driver@6812][0m Matched '/element' to command name 'findElement'
[38;5;221m[7c085cfe][0m[38;5;-168m[AndroidUiautomator2Driver@6812][0m Proxying [POST /element] to [POST http://127.0.0.1:8200/session/e19a8d08-1459-41d4-b718-503fe7b4835d/element] with body: {"strategy":"id","selector":"ItemCategory","context":"","multiple":false}
[38;5;221m[7c085cfe][0m[38;5;-168m[AndroidUiautomator2Driver@6812][0m Got response with status 200: {"sessionId":"e19a8d08-1459-41d4-b718-503fe7b4835d","value":{"ELEMENT":"00000000-0000-0809-ffff-ffff00000039","element-6066-11e4-a52e-4f735466cecf":"00000000-0000-0809-ffff-ffff00000039"}}
[38;5;221m[7c085cfe][0m[38;5;-168m[AndroidUiautomator2Driver@6812][0m Responding to client with driver.findElement() result: {"element-6066-11e4-a52e-4f735466cecf":"00000000-0000-0809-ffff-ffff00000039","ELEMENT":"00000000-0000-0809-ffff-ffff00000039"}
[38;5;221m[7c085cfe][0m[38;5;86m[HTTP][0m [37m<-- POST /session/7c085cfe-be18-4804-a563-de07f3c44941/element [39m[32m200[39m [90m41 ms - 137[39m [90m[39m
[38;5;221m[7c085cfe][0m[38;5;86m[HTTP][0m [37m-->[39m [37mPOST[39m [37m/session/7c085cfe-be18-4804-a563-de07f3c44941/element/00000000-0000-0809-ffff-ffff00000039/click[39m [90m{}[39m
[38;5;221m[7c085cfe][0m[38;5;-168m[AndroidUiautomator2Driver@6812][0m Calling AppiumDriver.click() with args: ["00000000-0000-0809-ffff-ffff00000039","7c085cfe-be18-4804-a563-de07f3c44941"]
[38;5;221m[7c085cfe][0m[38;5;-168m[AndroidUiautomator2Driver@6812][0m Matched '/element/00000000-0000-0809-ffff-ffff00000039/click' to command name 'click'
[38;5;221m[7c085cfe][0m[38;5;-168m[AndroidUiautomator2Driver@6812][0m Proxying [POST /element/00000000-0000-0809-ffff-ffff00000039/click] to [POST http://127.0.0.1:8200/session/e19a8d08-1459-41d4-b718-503fe7b4835d/element/00000000-0000-0809-ffff-ffff00000039/click] with body: {"element":"00000000-0000-0809-ffff-ffff00000039"}
[38;5;221m[7c085cfe][0m[38;5;-168m[AndroidUiautomator2Driver@6812][0m Got response with status 200: {"sessionId":"e19a8d08-1459-41d4-b718-503fe7b4835d","value":null}
[38;5;221m[7c085cfe][0m[38;5;-168m[AndroidUiautomator2Driver@6812][0m Responding to client with driver.click() result: null
[38;5;221m[7c085cfe][0m[38;5;86m[HTTP][0m [37m<-- POST /session/7c085cfe-be18-4804-a563-de07f3c44941/element/00000000-0000-0809-ffff-ffff00000039/click [39m[32m200[39m [90m67 ms - 14[39m [90m[39m
[38;5;221m[7c085cfe][0m[38;5;86m[HTTP][0m [37m-->[39m [37mPOST[39m [37m/session/7c085cfe-be18-4804-a563-de07f3c44941/element[39m [90m{"using":"id","value":"android:id/text1"}[39m
[38;5;221m[7c085cfe][0m[38;5;-168m[AndroidUiautomator2Driver@6812][0m Calling AppiumDriver.findElement() with args: ["id","android:id/text1","7c085cfe-be18-4804-a563-de07f3c44941"]
[38;5;221m[7c085cfe][0m[38;5;-168m[AndroidUiautomator2Driver@6812][0m Valid locator strategies for this request: xpath, id, class name, accessibility id, css selector, -android uiautomator
[38;5;221m[7c085cfe][0m[38;5;-168m[AndroidUiautomator2Driver@6812][0m Waiting up to 0 ms for condition
[38;5;221m[7c085cfe][0m[38;5;-168m[AndroidUiautomator2Driver@6812][0m Matched '/element' to command name 'findElement'
[38;5;221m[7c085cfe][0m[38;5;-168m[AndroidUiautomator2Driver@6812][0m Proxying [POST /element] to [POST http://127.0.0.1:8200/session/e19a8d08-1459-41d4-b718-503fe7b4835d/element] with body: {"strategy":"id","selector":"android:id/text1","context":"","multiple":false}
[38;5;221m[7c085cfe][0m[38;5;-168m[AndroidUiautomator2Driver@6812][0m Got response with status 404: {"sessionId":"e19a8d08-1459-41d4-b718-503fe7b4835d","value":{"error":"no such element","message":"An element could not be located on the page using the given search parameters","stacktrace":"io.appium.uiautomator2.common.exceptions.ElementNotFoundException: An element could not be located on the page using the given search parameters\n\tat io.appium.uiautomator2.handler.FindElement.safeHandle(FindElement.java:63)\n\tat io.appium.uiautomator2.handler.request.SafeRequestHandler.handle(SafeRequestHandler.java:59)\n\tat io.appium.uiautomator2.server.AppiumServlet.handleRequest(AppiumServlet.java:259)\n\tat io.appium.uiautomator2.server.AppiumServlet.handleHttpRequest(AppiumServlet.java:253)\n\tat io.appium.uiautomator2.http.ServerHandler.channelRead(ServerHandler.java:77)\n\tat io.netty.channel.AbstractChannelHandlerContext.invokeChannelRead(AbstractChannelHandlerContext.java:366)\n\tat io.netty.channel.AbstractChannelHandlerContext.invokeChannelRead(AbstractChannelHandlerContext.java:352)\n\tat io.netty.chann...
[38;5;221m[7c085cfe][0m[38;5;123m[W3C][0m Matched W3C error code 'no such element' to NoSuchElementError
[38;5;221m[7c085cfe][0m[38;5;-168m[AndroidUiautomator2Driver@6812][0m Encountered internal error running command: NoSuchElementError: An element could not be located on the page using the given search parameters.
    at AndroidUiautomator2Driver.findElOrEls (C:\Users\karlt\.appium\node_modules\appium-uiautomator2-driver\node_modules\appium-android-driver\lib\commands\find.ts:86:11)
    at processTicksAndRejections (node:internal/process/task_queues:105:5)
    at AndroidUiautomator2Driver.findElOrElsWithProcessing (C:\Users\karlt\appium-js\node_modules\@appium\base-driver\lib\basedriver\commands\find.ts:60:12)
    at AndroidUiautomator2Driver.findElement (C:\Users\karlt\appium-js\node_modules\@appium\base-driver\lib\basedriver\commands\find.ts:75:12)
[38;5;221m[7c085cfe][0m[38;5;86m[HTTP][0m [37m<-- POST /session/7c085cfe-be18-4804-a563-de07f3c44941/element [39m[33m404[39m [90m186 ms - 823[39m [90m[39m
[38;5;221m[7c085cfe][0m[38;5;86m[HTTP][0m [37m-->[39m [37mPOST[39m [37m/session/7c085cfe-be18-4804-a563-de07f3c44941/element[39m [90m{"using":"id","value":"android:id/text1"}[39m
[38;5;221m[7c085cfe][0m[38;5;-168m[AndroidUiautomator2Driver@6812][0m Calling AppiumDriver.findElement() with args: ["id","android:id/text1","7c085cfe-be18-4804-a563-de07f3c44941"]
[38;5;221m[7c085cfe][0m[38;5;-168m[AndroidUiautomator2Driver@6812][0m Valid locator strategies for this request: xpath, id, class name, accessibility id, css selector, -android uiautomator
[38;5;221m[7c085cfe][0m[38;5;-168m[AndroidUiautomator2Driver@6812][0m Waiting up to 0 ms for condition
[38;5;221m[7c085cfe][0m[38;5;-168m[AndroidUiautomator2Driver@6812][0m Matched '/element' to command name 'findElement'
[38;5;221m[7c085cfe][0m[38;5;-168m[AndroidUiautomator2Driver@6812][0m Proxying [POST /element] to [POST http://127.0.0.1:8200/session/e19a8d08-1459-41d4-b718-503fe7b4835d/element] with body: {"strategy":"id","selector":"android:id/text1","context":"","multiple":false}
[38;5;221m[7c085cfe][0m[38;5;-168m[AndroidUiautomator2Driver@6812][0m Got response with status 200: {"sessionId":"e19a8d08-1459-41d4-b718-503fe7b4835d","value":{"ELEMENT":"00000000-0000-080a-ffff-ffff0000005d","element-6066-11e4-a52e-4f735466cecf":"00000000-0000-080a-ffff-ffff0000005d"}}
[38;5;221m[7c085cfe][0m[38;5;-168m[AndroidUiautomator2Driver@6812][0m Responding to client with driver.findElement() result: {"element-6066-11e4-a52e-4f735466cecf":"00000000-0000-080a-ffff-ffff0000005d","ELEMENT":"00000000-0000-080a-ffff-ffff0000005d"}
[38;5;221m[7c085cfe][0m[38;5;86m[HTTP][0m [37m<-- POST /session/7c085cfe-be18-4804-a563-de07f3c44941/element [39m[32m200[39m [90m512 ms - 137[39m [90m[39m
[38;5;221m[7c085cfe][0m[38;5;86m[HTTP][0m [37m-->[39m [37mGET[39m [37m/session/7c085cfe-be18-4804-a563-de07f3c44941/element/00000000-0000-080a-ffff-ffff0000005d/displayed[39m [90m[39m
[38;5;221m[7c085cfe][0m[38;5;-168m[AndroidUiautomator2Driver@6812][0m Calling AppiumDriver.elementDisplayed() with args: ["00000000-0000-080a-ffff-ffff0000005d","7c085cfe-be18-4804-a563-de07f3c44941"]
[38;5;221m[7c085cfe][0m[38;5;-168m[AndroidUiautomator2Driver@6812][0m Matched '/element/00000000-0000-080a-ffff-ffff0000005d/attribute/displayed' to command name 'getAttribute'
[38;5;221m[7c085cfe][0m[38;5;-168m[AndroidUiautomator2Driver@6812][0m Proxying [GET /element/00000000-0000-080a-ffff-ffff0000005d/attribute/displayed] to [GET http://127.0.0.1:8200/session/e19a8d08-1459-41d4-b718-503fe7b4835d/element/00000000-0000-080a-ffff-ffff0000005d/attribute/displayed] with no body
[38;5;221m[7c085cfe][0m[38;5;-168m[AndroidUiautomator2Driver@6812][0m Got response with status 200: {"sessionId":"e19a8d08-1459-41d4-b718-503fe7b4835d","value":"true"}
[38;5;221m[7c085cfe][0m[38;5;-168m[AndroidUiautomator2Driver@6812][0m Responding to client with driver.elementDisplayed() result: true
[38;5;221m[7c085cfe][0m[38;5;86m[HTTP][0m [37m<-- GET /session/7c085cfe-be18-4804-a563-de07f3c44941/element/00000000-0000-080a-ffff-ffff0000005d/displayed [39m[32m200[39m [90m12 ms - 14[39m [90m[39m
[38;5;221m[7c085cfe][0m[38;5;86m[HTTP][0m [37m-->[39m [37mPOST[39m [37m/session/7c085cfe-be18-4804-a563-de07f3c44941/element[39m [90m{"using":"id","value":"android:id/text1"}[39m
[38;5;221m[7c085cfe][0m[38;5;-168m[AndroidUiautomator2Driver@6812][0m Calling AppiumDriver.findElement() with args: ["id","android:id/text1","7c085cfe-be18-4804-a563-de07f3c44941"]
[38;5;221m[7c085cfe][0m[38;5;-168m[AndroidUiautomator2Driver@6812][0m Valid locator strategies for this request: xpath, id, class name, accessibility id, css selector, -android uiautomator
[38;5;221m[7c085cfe][0m[38;5;-168m[AndroidUiautomator2Driver@6812][0m Waiting up to 0 ms for condition
[38;5;221m[7c085cfe][0m[38;5;-168m[AndroidUiautomator2Driver@6812][0m Matched '/element' to command name 'findElement'
[38;5;221m[7c085cfe][0m[38;5;-168m[AndroidUiautomator2Driver@6812][0m Proxying [POST /element] to [POST http://127.0.0.1:8200/session/e19a8d08-1459-41d4-b718-503fe7b4835d/element] with body: {"strategy":"id","selector":"android:id/text1","context":"","multiple":false}
[38;5;221m[7c085cfe][0m[38;5;-168m[AndroidUiautomator2Driver@6812][0m Got response with status 200: {"sessionId":"e19a8d08-1459-41d4-b718-503fe7b4835d","value":{"ELEMENT":"00000000-0000-080a-ffff-ffff0000005d","element-6066-11e4-a52e-4f735466cecf":"00000000-0000-080a-ffff-ffff0000005d"}}
[38;5;221m[7c085cfe][0m[38;5;-168m[AndroidUiautomator2Driver@6812][0m Responding to client with driver.findElement() result: {"element-6066-11e4-a52e-4f735466cecf":"00000000-0000-080a-ffff-ffff0000005d","ELEMENT":"00000000-0000-080a-ffff-ffff0000005d"}
[38;5;221m[7c085cfe][0m[38;5;86m[HTTP][0m [37m<-- POST /session/7c085cfe-be18-4804-a563-de07f3c44941/element [39m[32m200[39m [90m15 ms - 137[39m [90m[39m
[38;5;221m[7c085cfe][0m[38;5;86m[HTTP][0m [37m-->[39m [37mPOST[39m [37m/session/7c085cfe-be18-4804-a563-de07f3c44941/element/00000000-0000-080a-ffff-ffff0000005d/click[39m [90m{}[39m
[38;5;221m[7c085cfe][0m[38;5;-168m[AndroidUiautomator2Driver@6812][0m Calling AppiumDriver.click() with args: ["00000000-0000-080a-ffff-ffff0000005d","7c085cfe-be18-4804-a563-de07f3c44941"]
[38;5;221m[7c085cfe][0m[38;5;-168m[AndroidUiautomator2Driver@6812][0m Matched '/element/00000000-0000-080a-ffff-ffff0000005d/click' to command name 'click'
[38;5;221m[7c085cfe][0m[38;5;-168m[AndroidUiautomator2Driver@6812][0m Proxying [POST /element/00000000-0000-080a-ffff-ffff0000005d/click] to [POST http://127.0.0.1:8200/session/e19a8d08-1459-41d4-b718-503fe7b4835d/element/00000000-0000-080a-ffff-ffff0000005d/click] with body: {"element":"00000000-0000-080a-ffff-ffff0000005d"}
[38;5;221m[7c085cfe][0m[38;5;-168m[AndroidUiautomator2Driver@6812][0m Got response with status 200: {"sessionId":"e19a8d08-1459-41d4-b718-503fe7b4835d","value":null}
[38;5;221m[7c085cfe][0m[38;5;-168m[AndroidUiautomator2Driver@6812][0m Responding to client with driver.click() result: null
[38;5;221m[7c085cfe][0m[38;5;86m[HTTP][0m [37m<-- POST /session/7c085cfe-be18-4804-a563-de07f3c44941/element/00000000-0000-080a-ffff-ffff0000005d/click [39m[32m200[39m [90m653 ms - 14[39m [90m[39m
[38;5;221m[7c085cfe][0m[38;5;86m[HTTP][0m [37m-->[39m [37mPOST[39m [37m/session/7c085cfe-be18-4804-a563-de07f3c44941/element[39m [90m{"using":"id","value":"ItemQuantity"}[39m
[38;5;221m[7c085cfe][0m[38;5;-168m[AndroidUiautomator2Driver@6812][0m Calling AppiumDriver.findElement() with args: ["id","ItemQuantity","7c085cfe-be18-4804-a563-de07f3c44941"]
[38;5;221m[7c085cfe][0m[38;5;-168m[AndroidUiautomator2Driver@6812][0m Valid locator strategies for this request: xpath, id, class name, accessibility id, css selector, -android uiautomator
[38;5;221m[7c085cfe][0m[38;5;-168m[AndroidUiautomator2Driver@6812][0m Waiting up to 0 ms for condition
[38;5;221m[7c085cfe][0m[38;5;-168m[AndroidUiautomator2Driver@6812][0m Matched '/element' to command name 'findElement'
[38;5;221m[7c085cfe][0m[38;5;-168m[AndroidUiautomator2Driver@6812][0m Proxying [POST /element] to [POST http://127.0.0.1:8200/session/e19a8d08-1459-41d4-b718-503fe7b4835d/element] with body: {"strategy":"id","selector":"ItemQuantity","context":"","multiple":false}
[38;5;221m[7c085cfe][0m[38;5;-168m[AndroidUiautomator2Driver@6812][0m Got response with status 200: {"sessionId":"e19a8d08-1459-41d4-b718-503fe7b4835d","value":{"ELEMENT":"00000000-0000-0809-ffff-ffff0000003c","element-6066-11e4-a52e-4f735466cecf":"00000000-0000-0809-ffff-ffff0000003c"}}
[38;5;221m[7c085cfe][0m[38;5;-168m[AndroidUiautomator2Driver@6812][0m Responding to client with driver.findElement() result: {"element-6066-11e4-a52e-4f735466cecf":"00000000-0000-0809-ffff-ffff0000003c","ELEMENT":"00000000-0000-0809-ffff-ffff0000003c"}
[38;5;221m[7c085cfe][0m[38;5;86m[HTTP][0m [37m<-- POST /session/7c085cfe-be18-4804-a563-de07f3c44941/element [39m[32m200[39m [90m25 ms - 137[39m [90m[39m
[38;5;221m[7c085cfe][0m[38;5;86m[HTTP][0m [37m-->[39m [37mGET[39m [37m/session/7c085cfe-be18-4804-a563-de07f3c44941/element/00000000-0000-0809-ffff-ffff0000003c/displayed[39m [90m[39m
[38;5;221m[7c085cfe][0m[38;5;-168m[AndroidUiautomator2Driver@6812][0m Calling AppiumDriver.elementDisplayed() with args: ["00000000-0000-0809-ffff-ffff0000003c","7c085cfe-be18-4804-a563-de07f3c44941"]
[38;5;221m[7c085cfe][0m[38;5;-168m[AndroidUiautomator2Driver@6812][0m Matched '/element/00000000-0000-0809-ffff-ffff0000003c/attribute/displayed' to command name 'getAttribute'
[38;5;221m[7c085cfe][0m[38;5;-168m[AndroidUiautomator2Driver@6812][0m Proxying [GET /element/00000000-0000-0809-ffff-ffff0000003c/attribute/displayed] to [GET http://127.0.0.1:8200/session/e19a8d08-1459-41d4-b718-503fe7b4835d/element/00000000-0000-0809-ffff-ffff0000003c/attribute/displayed] with no body
[38;5;221m[7c085cfe][0m[38;5;-168m[AndroidUiautomator2Driver@6812][0m Got response with status 200: {"sessionId":"e19a8d08-1459-41d4-b718-503fe7b4835d","value":"true"}
[38;5;221m[7c085cfe][0m[38;5;-168m[AndroidUiautomator2Driver@6812][0m Responding to client with driver.elementDisplayed() result: true
[38;5;221m[7c085cfe][0m[38;5;86m[HTTP][0m [37m<-- GET /session/7c085cfe-be18-4804-a563-de07f3c44941/element/00000000-0000-0809-ffff-ffff0000003c/displayed [39m[32m200[39m [90m11 ms - 14[39m [90m[39m
[38;5;221m[7c085cfe][0m[38;5;86m[HTTP][0m [37m-->[39m [37mGET[39m [37m/session/7c085cfe-be18-4804-a563-de07f3c44941/element/00000000-0000-0809-ffff-ffff0000003c/rect[39m [90m[39m
[38;5;221m[7c085cfe][0m[38;5;-168m[AndroidUiautomator2Driver@6812][0m Driver proxy active, passing request on via HTTP proxy
[38;5;221m[7c085cfe][0m[38;5;-168m[AndroidUiautomator2Driver@6812][0m Matched '/session/7c085cfe-be18-4804-a563-de07f3c44941/element/00000000-0000-0809-ffff-ffff0000003c/rect' to command name 'getElementRect'
[38;5;221m[7c085cfe][0m[38;5;-168m[AndroidUiautomator2Driver@6812][0m Proxying [GET /session/7c085cfe-be18-4804-a563-de07f3c44941/element/00000000-0000-0809-ffff-ffff0000003c/rect] to [GET http://127.0.0.1:8200/session/e19a8d08-1459-41d4-b718-503fe7b4835d/element/00000000-0000-0809-ffff-ffff0000003c/rect] with no body
[38;5;221m[7c085cfe][0m[38;5;-168m[AndroidUiautomator2Driver@6812][0m Got response with status 200: {"sessionId":"e19a8d08-1459-41d4-b718-503fe7b4835d","value":{"height":96,"width":1160,"x":60,"y":924}}
[38;5;221m[7c085cfe][0m[38;5;-168m[AndroidUiautomator2Driver@6812][0m Replacing sessionId e19a8d08-1459-41d4-b718-503fe7b4835d with 7c085cfe-be18-4804-a563-de07f3c44941
[38;5;221m[7c085cfe][0m[38;5;86m[HTTP][0m [37m<-- GET /session/7c085cfe-be18-4804-a563-de07f3c44941/element/00000000-0000-0809-ffff-ffff0000003c/rect [39m[32m200[39m [90m12 ms - 51[39m [90m[39m
[38;5;221m[7c085cfe][0m[38;5;86m[HTTP][0m [37m-->[39m [37mGET[39m [37m/session/7c085cfe-be18-4804-a563-de07f3c44941/element/00000000-0000-0809-ffff-ffff0000003c/rect[39m [90m[39m
[38;5;221m[7c085cfe][0m[38;5;-168m[AndroidUiautomator2Driver@6812][0m Driver proxy active, passing request on via HTTP proxy
[38;5;221m[7c085cfe][0m[38;5;-168m[AndroidUiautomator2Driver@6812][0m Matched '/session/7c085cfe-be18-4804-a563-de07f3c44941/element/00000000-0000-0809-ffff-ffff0000003c/rect' to command name 'getElementRect'
[38;5;221m[7c085cfe][0m[38;5;-168m[AndroidUiautomator2Driver@6812][0m Proxying [GET /session/7c085cfe-be18-4804-a563-de07f3c44941/element/00000000-0000-0809-ffff-ffff0000003c/rect] to [GET http://127.0.0.1:8200/session/e19a8d08-1459-41d4-b718-503fe7b4835d/element/00000000-0000-0809-ffff-ffff0000003c/rect] with no body
[38;5;221m[7c085cfe][0m[38;5;-168m[AndroidUiautomator2Driver@6812][0m Got response with status 200: {"sessionId":"e19a8d08-1459-41d4-b718-503fe7b4835d","value":{"height":96,"width":1160,"x":60,"y":924}}
[38;5;221m[7c085cfe][0m[38;5;-168m[AndroidUiautomator2Driver@6812][0m Replacing sessionId e19a8d08-1459-41d4-b718-503fe7b4835d with 7c085cfe-be18-4804-a563-de07f3c44941
[38;5;221m[7c085cfe][0m[38;5;86m[HTTP][0m [37m<-- GET /session/7c085cfe-be18-4804-a563-de07f3c44941/element/00000000-0000-0809-ffff-ffff0000003c/rect [39m[32m200[39m [90m12 ms - 51[39m [90m[39m
[38;5;221m[7c085cfe][0m[38;5;86m[HTTP][0m [37m-->[39m [37mPOST[39m [37m/session/7c085cfe-be18-4804-a563-de07f3c44941/execute/sync[39m [90m{"script":"mobile: clickGesture","args":[{"x":640,"y":972}]}[39m
[38;5;221m[7c085cfe][0m[38;5;-168m[AndroidUiautomator2Driver@6812][0m Calling AppiumDriver.execute() with args: ["mobile: clickGesture",[{"x":640,"y":972}],"7c085cfe-be18-4804-a563-de07f3c44941"]
[38;5;221m[7c085cfe][0m[38;5;-168m[AndroidUiautomator2Driver@6812][0m Proxying [POST /appium/gestures/click] to [POST http://127.0.0.1:8200/session/e19a8d08-1459-41d4-b718-503fe7b4835d/appium/gestures/click] with body: {"offset":{"x":640,"y":972}}
[38;5;221m[7c085cfe][0m[38;5;-168m[AndroidUiautomator2Driver@6812][0m Got response with status 200: {"sessionId":"e19a8d08-1459-41d4-b718-503fe7b4835d","value":null}
[38;5;221m[7c085cfe][0m[38;5;-168m[AndroidUiautomator2Driver@6812][0m Responding to client with driver.execute() result: null
[38;5;221m[7c085cfe][0m[38;5;86m[HTTP][0m [37m<-- POST /session/7c085cfe-be18-4804-a563-de07f3c44941/execute/sync [39m[32m200[39m [90m68 ms - 14[39m [90m[39m
[38;5;221m[7c085cfe][0m[38;5;86m[HTTP][0m [37m-->[39m [37mPOST[39m [37m/session/7c085cfe-be18-4804-a563-de07f3c44941/element[39m [90m{"using":"id","value":"ItemPrice"}[39m
[38;5;221m[7c085cfe][0m[38;5;-168m[AndroidUiautomator2Driver@6812][0m Calling AppiumDriver.findElement() with args: ["id","ItemPrice","7c085cfe-be18-4804-a563-de07f3c44941"]
[38;5;221m[7c085cfe][0m[38;5;-168m[AndroidUiautomator2Driver@6812][0m Valid locator strategies for this request: xpath, id, class name, accessibility id, css selector, -android uiautomator
[38;5;221m[7c085cfe][0m[38;5;-168m[AndroidUiautomator2Driver@6812][0m Waiting up to 0 ms for condition
[38;5;221m[7c085cfe][0m[38;5;-168m[AndroidUiautomator2Driver@6812][0m Matched '/element' to command name 'findElement'
[38;5;221m[7c085cfe][0m[38;5;-168m[AndroidUiautomator2Driver@6812][0m Proxying [POST /element] to [POST http://127.0.0.1:8200/session/e19a8d08-1459-41d4-b718-503fe7b4835d/element] with body: {"strategy":"id","selector":"ItemPrice","context":"","multiple":false}
[38;5;221m[7c085cfe][0m[38;5;-168m[AndroidUiautomator2Driver@6812][0m Got response with status 200: {"sessionId":"e19a8d08-1459-41d4-b718-503fe7b4835d","value":{"ELEMENT":"00000000-0000-0809-ffff-ffff0000003e","element-6066-11e4-a52e-4f735466cecf":"00000000-0000-0809-ffff-ffff0000003e"}}
[38;5;221m[7c085cfe][0m[38;5;-168m[AndroidUiautomator2Driver@6812][0m Responding to client with driver.findElement() result: {"element-6066-11e4-a52e-4f735466cecf":"00000000-0000-0809-ffff-ffff0000003e","ELEMENT":"00000000-0000-0809-ffff-ffff0000003e"}
[38;5;221m[7c085cfe][0m[38;5;86m[HTTP][0m [37m<-- POST /session/7c085cfe-be18-4804-a563-de07f3c44941/element [39m[32m200[39m [90m609 ms - 137[39m [90m[39m
[38;5;221m[7c085cfe][0m[38;5;86m[HTTP][0m [37m-->[39m [37mGET[39m [37m/session/7c085cfe-be18-4804-a563-de07f3c44941/element/00000000-0000-0809-ffff-ffff0000003e/displayed[39m [90m[39m
[38;5;221m[7c085cfe][0m[38;5;-168m[AndroidUiautomator2Driver@6812][0m Calling AppiumDriver.elementDisplayed() with args: ["00000000-0000-0809-ffff-ffff0000003e","7c085cfe-be18-4804-a563-de07f3c44941"]
[38;5;221m[7c085cfe][0m[38;5;-168m[AndroidUiautomator2Driver@6812][0m Matched '/element/00000000-0000-0809-ffff-ffff0000003e/attribute/displayed' to command name 'getAttribute'
[38;5;221m[7c085cfe][0m[38;5;-168m[AndroidUiautomator2Driver@6812][0m Proxying [GET /element/00000000-0000-0809-ffff-ffff0000003e/attribute/displayed] to [GET http://127.0.0.1:8200/session/e19a8d08-1459-41d4-b718-503fe7b4835d/element/00000000-0000-0809-ffff-ffff0000003e/attribute/displayed] with no body
[38;5;221m[7c085cfe][0m[38;5;-168m[AndroidUiautomator2Driver@6812][0m Got response with status 200: {"sessionId":"e19a8d08-1459-41d4-b718-503fe7b4835d","value":"true"}
[38;5;221m[7c085cfe][0m[38;5;-168m[AndroidUiautomator2Driver@6812][0m Responding to client with driver.elementDisplayed() result: true
[38;5;221m[7c085cfe][0m[38;5;86m[HTTP][0m [37m<-- GET /session/7c085cfe-be18-4804-a563-de07f3c44941/element/00000000-0000-0809-ffff-ffff0000003e/displayed [39m[32m200[39m [90m12 ms - 14[39m [90m[39m
[38;5;221m[7c085cfe][0m[38;5;86m[HTTP][0m [37m-->[39m [37mPOST[39m [37m/session/7c085cfe-be18-4804-a563-de07f3c44941/element[39m [90m{"using":"id","value":"ItemPrice"}[39m
[38;5;221m[7c085cfe][0m[38;5;-168m[AndroidUiautomator2Driver@6812][0m Calling AppiumDriver.findElement() with args: ["id","ItemPrice","7c085cfe-be18-4804-a563-de07f3c44941"]
[38;5;221m[7c085cfe][0m[38;5;-168m[AndroidUiautomator2Driver@6812][0m Valid locator strategies for this request: xpath, id, class name, accessibility id, css selector, -android uiautomator
[38;5;221m[7c085cfe][0m[38;5;-168m[AndroidUiautomator2Driver@6812][0m Waiting up to 0 ms for condition
[38;5;221m[7c085cfe][0m[38;5;-168m[AndroidUiautomator2Driver@6812][0m Matched '/element' to command name 'findElement'
[38;5;221m[7c085cfe][0m[38;5;-168m[AndroidUiautomator2Driver@6812][0m Proxying [POST /element] to [POST http://127.0.0.1:8200/session/e19a8d08-1459-41d4-b718-503fe7b4835d/element] with body: {"strategy":"id","selector":"ItemPrice","context":"","multiple":false}
[38;5;221m[7c085cfe][0m[38;5;-168m[AndroidUiautomator2Driver@6812][0m Got response with status 200: {"sessionId":"e19a8d08-1459-41d4-b718-503fe7b4835d","value":{"ELEMENT":"00000000-0000-0809-ffff-ffff0000003e","element-6066-11e4-a52e-4f735466cecf":"00000000-0000-0809-ffff-ffff0000003e"}}
[38;5;221m[7c085cfe][0m[38;5;-168m[AndroidUiautomator2Driver@6812][0m Responding to client with driver.findElement() result: {"element-6066-11e4-a52e-4f735466cecf":"00000000-0000-0809-ffff-ffff0000003e","ELEMENT":"00000000-0000-0809-ffff-ffff0000003e"}
[38;5;221m[7c085cfe][0m[38;5;86m[HTTP][0m [37m<-- POST /session/7c085cfe-be18-4804-a563-de07f3c44941/element [39m[32m200[39m [90m24 ms - 137[39m [90m[39m
[38;5;221m[7c085cfe][0m[38;5;86m[HTTP][0m [37m-->[39m [37mPOST[39m [37m/session/7c085cfe-be18-4804-a563-de07f3c44941/element/00000000-0000-0809-ffff-ffff0000003e/clear[39m [90m{}[39m
[38;5;221m[7c085cfe][0m[38;5;-168m[AndroidUiautomator2Driver@6812][0m Calling AppiumDriver.clear() with args: ["00000000-0000-0809-ffff-ffff0000003e","7c085cfe-be18-4804-a563-de07f3c44941"]
[38;5;221m[7c085cfe][0m[38;5;-168m[AndroidUiautomator2Driver@6812][0m Matched '/element/00000000-0000-0809-ffff-ffff0000003e/clear' to command name 'clear'
[38;5;221m[7c085cfe][0m[38;5;-168m[AndroidUiautomator2Driver@6812][0m Proxying [POST /element/00000000-0000-0809-ffff-ffff0000003e/clear] to [POST http://127.0.0.1:8200/session/e19a8d08-1459-41d4-b718-503fe7b4835d/element/00000000-0000-0809-ffff-ffff0000003e/clear] with body: {"elementId":"00000000-0000-0809-ffff-ffff0000003e"}
[38;5;221m[7c085cfe][0m[38;5;-168m[AndroidUiautomator2Driver@6812][0m Got response with status 200: {"sessionId":"e19a8d08-1459-41d4-b718-503fe7b4835d","value":null}
[38;5;221m[7c085cfe][0m[38;5;-168m[AndroidUiautomator2Driver@6812][0m Responding to client with driver.clear() result: null
[38;5;221m[7c085cfe][0m[38;5;86m[HTTP][0m [37m<-- POST /session/7c085cfe-be18-4804-a563-de07f3c44941/element/00000000-0000-0809-ffff-ffff0000003e/clear [39m[32m200[39m [90m14 ms - 14[39m [90m[39m
[38;5;221m[7c085cfe][0m[38;5;86m[HTTP][0m [37m-->[39m [37mPOST[39m [37m/session/7c085cfe-be18-4804-a563-de07f3c44941/element/00000000-0000-0809-ffff-ffff0000003e/value[39m [90m{"text":"2.99"}[39m
[38;5;221m[7c085cfe][0m[38;5;-168m[AndroidUiautomator2Driver@6812][0m Calling AppiumDriver.setValue() with args: ["2.99","00000000-0000-0809-ffff-ffff0000003e","7c085cfe-be18-4804-a563-de07f3c44941"]
[38;5;221m[7c085cfe][0m[38;5;-168m[AndroidUiautomator2Driver@6812][0m Matched '/element/00000000-0000-0809-ffff-ffff0000003e/value' to command name 'setValue'
[38;5;221m[7c085cfe][0m[38;5;-168m[AndroidUiautomator2Driver@6812][0m Added 'value' property to 'setValue' request body
[38;5;221m[7c085cfe][0m[38;5;-168m[AndroidUiautomator2Driver@6812][0m Proxying [POST /element/00000000-0000-0809-ffff-ffff0000003e/value] to [POST http://127.0.0.1:8200/session/e19a8d08-1459-41d4-b718-503fe7b4835d/element/00000000-0000-0809-ffff-ffff0000003e/value] with body: {"elementId":"00000000-0000-0809-ffff-ffff0000003e","text":"2.99","replace":false,"value":["2",".","9","9"]}
[38;5;221m[7c085cfe][0m[38;5;-168m[AndroidUiautomator2Driver@6812][0m Got response with status 200: {"sessionId":"e19a8d08-1459-41d4-b718-503fe7b4835d","value":null}
[38;5;221m[7c085cfe][0m[38;5;-168m[AndroidUiautomator2Driver@6812][0m Responding to client with driver.setValue() result: null
[38;5;221m[7c085cfe][0m[38;5;86m[HTTP][0m [37m<-- POST /session/7c085cfe-be18-4804-a563-de07f3c44941/element/00000000-0000-0809-ffff-ffff0000003e/value [39m[32m200[39m [90m513 ms - 14[39m [90m[39m
[38;5;221m[7c085cfe][0m[38;5;86m[HTTP][0m [37m-->[39m [37mPOST[39m [37m/session/7c085cfe-be18-4804-a563-de07f3c44941/element[39m [90m{"using":"id","value":"ItemStock"}[39m
[38;5;221m[7c085cfe][0m[38;5;-168m[AndroidUiautomator2Driver@6812][0m Calling AppiumDriver.findElement() with args: ["id","ItemStock","7c085cfe-be18-4804-a563-de07f3c44941"]
[38;5;221m[7c085cfe][0m[38;5;-168m[AndroidUiautomator2Driver@6812][0m Valid locator strategies for this request: xpath, id, class name, accessibility id, css selector, -android uiautomator
[38;5;221m[7c085cfe][0m[38;5;-168m[AndroidUiautomator2Driver@6812][0m Waiting up to 0 ms for condition
[38;5;221m[7c085cfe][0m[38;5;-168m[AndroidUiautomator2Driver@6812][0m Matched '/element' to command name 'findElement'
[38;5;221m[7c085cfe][0m[38;5;-168m[AndroidUiautomator2Driver@6812][0m Proxying [POST /element] to [POST http://127.0.0.1:8200/session/e19a8d08-1459-41d4-b718-503fe7b4835d/element] with body: {"strategy":"id","selector":"ItemStock","context":"","multiple":false}
[38;5;221m[7c085cfe][0m[38;5;-168m[AndroidUiautomator2Driver@6812][0m Got response with status 200: {"sessionId":"e19a8d08-1459-41d4-b718-503fe7b4835d","value":{"ELEMENT":"00000000-0000-0809-ffff-ffff00000045","element-6066-11e4-a52e-4f735466cecf":"00000000-0000-0809-ffff-ffff00000045"}}
[38;5;221m[7c085cfe][0m[38;5;-168m[AndroidUiautomator2Driver@6812][0m Responding to client with driver.findElement() result: {"element-6066-11e4-a52e-4f735466cecf":"00000000-0000-0809-ffff-ffff00000045","ELEMENT":"00000000-0000-0809-ffff-ffff00000045"}
[38;5;221m[7c085cfe][0m[38;5;86m[HTTP][0m [37m<-- POST /session/7c085cfe-be18-4804-a563-de07f3c44941/element [39m[32m200[39m [90m521 ms - 137[39m [90m[39m
[38;5;221m[7c085cfe][0m[38;5;86m[HTTP][0m [37m-->[39m [37mGET[39m [37m/session/7c085cfe-be18-4804-a563-de07f3c44941/element/00000000-0000-0809-ffff-ffff00000045/displayed[39m [90m[39m
[38;5;221m[7c085cfe][0m[38;5;-168m[AndroidUiautomator2Driver@6812][0m Calling AppiumDriver.elementDisplayed() with args: ["00000000-0000-0809-ffff-ffff00000045","7c085cfe-be18-4804-a563-de07f3c44941"]
[38;5;221m[7c085cfe][0m[38;5;-168m[AndroidUiautomator2Driver@6812][0m Matched '/element/00000000-0000-0809-ffff-ffff00000045/attribute/displayed' to command name 'getAttribute'
[38;5;221m[7c085cfe][0m[38;5;-168m[AndroidUiautomator2Driver@6812][0m Proxying [GET /element/00000000-0000-0809-ffff-ffff00000045/attribute/displayed] to [GET http://127.0.0.1:8200/session/e19a8d08-1459-41d4-b718-503fe7b4835d/element/00000000-0000-0809-ffff-ffff00000045/attribute/displayed] with no body
[38;5;221m[7c085cfe][0m[38;5;-168m[AndroidUiautomator2Driver@6812][0m Got response with status 200: {"sessionId":"e19a8d08-1459-41d4-b718-503fe7b4835d","value":"true"}
[38;5;221m[7c085cfe][0m[38;5;-168m[AndroidUiautomator2Driver@6812][0m Responding to client with driver.elementDisplayed() result: true
[38;5;221m[7c085cfe][0m[38;5;86m[HTTP][0m [37m<-- GET /session/7c085cfe-be18-4804-a563-de07f3c44941/element/00000000-0000-0809-ffff-ffff00000045/displayed [39m[32m200[39m [90m11 ms - 14[39m [90m[39m
[38;5;221m[7c085cfe][0m[38;5;86m[HTTP][0m [37m-->[39m [37mPOST[39m [37m/session/7c085cfe-be18-4804-a563-de07f3c44941/element[39m [90m{"using":"id","value":"ItemStock"}[39m
[38;5;221m[7c085cfe][0m[38;5;-168m[AndroidUiautomator2Driver@6812][0m Calling AppiumDriver.findElement() with args: ["id","ItemStock","7c085cfe-be18-4804-a563-de07f3c44941"]
[38;5;221m[7c085cfe][0m[38;5;-168m[AndroidUiautomator2Driver@6812][0m Valid locator strategies for this request: xpath, id, class name, accessibility id, css selector, -android uiautomator
[38;5;221m[7c085cfe][0m[38;5;-168m[AndroidUiautomator2Driver@6812][0m Waiting up to 0 ms for condition
[38;5;221m[7c085cfe][0m[38;5;-168m[AndroidUiautomator2Driver@6812][0m Matched '/element' to command name 'findElement'
[38;5;221m[7c085cfe][0m[38;5;-168m[AndroidUiautomator2Driver@6812][0m Proxying [POST /element] to [POST http://127.0.0.1:8200/session/e19a8d08-1459-41d4-b718-503fe7b4835d/element] with body: {"strategy":"id","selector":"ItemStock","context":"","multiple":false}
[38;5;221m[7c085cfe][0m[38;5;-168m[AndroidUiautomator2Driver@6812][0m Got response with status 200: {"sessionId":"e19a8d08-1459-41d4-b718-503fe7b4835d","value":{"ELEMENT":"00000000-0000-0809-ffff-ffff00000045","element-6066-11e4-a52e-4f735466cecf":"00000000-0000-0809-ffff-ffff00000045"}}
[38;5;221m[7c085cfe][0m[38;5;-168m[AndroidUiautomator2Driver@6812][0m Responding to client with driver.findElement() result: {"element-6066-11e4-a52e-4f735466cecf":"00000000-0000-0809-ffff-ffff00000045","ELEMENT":"00000000-0000-0809-ffff-ffff00000045"}
[38;5;221m[7c085cfe][0m[38;5;86m[HTTP][0m [37m<-- POST /session/7c085cfe-be18-4804-a563-de07f3c44941/element [39m[32m200[39m [90m30 ms - 137[39m [90m[39m
[38;5;221m[7c085cfe][0m[38;5;86m[HTTP][0m [37m-->[39m [37mPOST[39m [37m/session/7c085cfe-be18-4804-a563-de07f3c44941/element/00000000-0000-0809-ffff-ffff00000045/click[39m [90m{}[39m
[38;5;221m[7c085cfe][0m[38;5;-168m[AndroidUiautomator2Driver@6812][0m Calling AppiumDriver.click() with args: ["00000000-0000-0809-ffff-ffff00000045","7c085cfe-be18-4804-a563-de07f3c44941"]
[38;5;221m[7c085cfe][0m[38;5;-168m[AndroidUiautomator2Driver@6812][0m Matched '/element/00000000-0000-0809-ffff-ffff00000045/click' to command name 'click'
[38;5;221m[7c085cfe][0m[38;5;-168m[AndroidUiautomator2Driver@6812][0m Proxying [POST /element/00000000-0000-0809-ffff-ffff00000045/click] to [POST http://127.0.0.1:8200/session/e19a8d08-1459-41d4-b718-503fe7b4835d/element/00000000-0000-0809-ffff-ffff00000045/click] with body: {"element":"00000000-0000-0809-ffff-ffff00000045"}
[38;5;221m[7c085cfe][0m[38;5;-168m[AndroidUiautomator2Driver@6812][0m Got response with status 200: {"sessionId":"e19a8d08-1459-41d4-b718-503fe7b4835d","value":null}
[38;5;221m[7c085cfe][0m[38;5;-168m[AndroidUiautomator2Driver@6812][0m Responding to client with driver.click() result: null
[38;5;221m[7c085cfe][0m[38;5;86m[HTTP][0m [37m<-- POST /session/7c085cfe-be18-4804-a563-de07f3c44941/element/00000000-0000-0809-ffff-ffff00000045/click [39m[32m200[39m [90m46 ms - 14[39m [90m[39m
[38;5;221m[7c085cfe][0m[38;5;86m[HTTP][0m [37m-->[39m [37mPOST[39m [37m/session/7c085cfe-be18-4804-a563-de07f3c44941/element[39m [90m{"using":"id","value":"ItemSupermarket"}[39m
[38;5;221m[7c085cfe][0m[38;5;-168m[AndroidUiautomator2Driver@6812][0m Calling AppiumDriver.findElement() with args: ["id","ItemSupermarket","7c085cfe-be18-4804-a563-de07f3c44941"]
[38;5;221m[7c085cfe][0m[38;5;-168m[AndroidUiautomator2Driver@6812][0m Valid locator strategies for this request: xpath, id, class name, accessibility id, css selector, -android uiautomator
[38;5;221m[7c085cfe][0m[38;5;-168m[AndroidUiautomator2Driver@6812][0m Waiting up to 0 ms for condition
[38;5;221m[7c085cfe][0m[38;5;-168m[AndroidUiautomator2Driver@6812][0m Matched '/element' to command name 'findElement'
[38;5;221m[7c085cfe][0m[38;5;-168m[AndroidUiautomator2Driver@6812][0m Proxying [POST /element] to [POST http://127.0.0.1:8200/session/e19a8d08-1459-41d4-b718-503fe7b4835d/element] with body: {"strategy":"id","selector":"ItemSupermarket","context":"","multiple":false}
[38;5;221m[7c085cfe][0m[38;5;-168m[AndroidUiautomator2Driver@6812][0m Got response with status 200: {"sessionId":"e19a8d08-1459-41d4-b718-503fe7b4835d","value":{"ELEMENT":"00000000-0000-0809-ffff-ffff00000041","element-6066-11e4-a52e-4f735466cecf":"00000000-0000-0809-ffff-ffff00000041"}}
[38;5;221m[7c085cfe][0m[38;5;-168m[AndroidUiautomator2Driver@6812][0m Responding to client with driver.findElement() result: {"element-6066-11e4-a52e-4f735466cecf":"00000000-0000-0809-ffff-ffff00000041","ELEMENT":"00000000-0000-0809-ffff-ffff00000041"}
[38;5;221m[7c085cfe][0m[38;5;86m[HTTP][0m [37m<-- POST /session/7c085cfe-be18-4804-a563-de07f3c44941/element [39m[32m200[39m [90m78 ms - 137[39m [90m[39m
[38;5;221m[7c085cfe][0m[38;5;86m[HTTP][0m [37m-->[39m [37mGET[39m [37m/session/7c085cfe-be18-4804-a563-de07f3c44941/element/00000000-0000-0809-ffff-ffff00000041/displayed[39m [90m[39m
[38;5;221m[7c085cfe][0m[38;5;-168m[AndroidUiautomator2Driver@6812][0m Calling AppiumDriver.elementDisplayed() with args: ["00000000-0000-0809-ffff-ffff00000041","7c085cfe-be18-4804-a563-de07f3c44941"]
[38;5;221m[7c085cfe][0m[38;5;-168m[AndroidUiautomator2Driver@6812][0m Matched '/element/00000000-0000-0809-ffff-ffff00000041/attribute/displayed' to command name 'getAttribute'
[38;5;221m[7c085cfe][0m[38;5;-168m[AndroidUiautomator2Driver@6812][0m Proxying [GET /element/00000000-0000-0809-ffff-ffff00000041/attribute/displayed] to [GET http://127.0.0.1:8200/session/e19a8d08-1459-41d4-b718-503fe7b4835d/element/00000000-0000-0809-ffff-ffff00000041/attribute/displayed] with no body
[38;5;221m[7c085cfe][0m[38;5;-168m[AndroidUiautomator2Driver@6812][0m Got response with status 200: {"sessionId":"e19a8d08-1459-41d4-b718-503fe7b4835d","value":"true"}
[38;5;221m[7c085cfe][0m[38;5;-168m[AndroidUiautomator2Driver@6812][0m Responding to client with driver.elementDisplayed() result: true
[38;5;221m[7c085cfe][0m[38;5;86m[HTTP][0m [37m<-- GET /session/7c085cfe-be18-4804-a563-de07f3c44941/element/00000000-0000-0809-ffff-ffff00000041/displayed [39m[32m200[39m [90m971 ms - 14[39m [90m[39m
[38;5;221m[7c085cfe][0m[38;5;86m[HTTP][0m [37m-->[39m [37mPOST[39m [37m/session/7c085cfe-be18-4804-a563-de07f3c44941/element[39m [90m{"using":"id","value":"ItemSupermarket"}[39m
[38;5;221m[7c085cfe][0m[38;5;-168m[AndroidUiautomator2Driver@6812][0m Calling AppiumDriver.findElement() with args: ["id","ItemSupermarket","7c085cfe-be18-4804-a563-de07f3c44941"]
[38;5;221m[7c085cfe][0m[38;5;-168m[AndroidUiautomator2Driver@6812][0m Valid locator strategies for this request: xpath, id, class name, accessibility id, css selector, -android uiautomator
[38;5;221m[7c085cfe][0m[38;5;-168m[AndroidUiautomator2Driver@6812][0m Waiting up to 0 ms for condition
[38;5;221m[7c085cfe][0m[38;5;-168m[AndroidUiautomator2Driver@6812][0m Matched '/element' to command name 'findElement'
[38;5;221m[7c085cfe][0m[38;5;-168m[AndroidUiautomator2Driver@6812][0m Proxying [POST /element] to [POST http://127.0.0.1:8200/session/e19a8d08-1459-41d4-b718-503fe7b4835d/element] with body: {"strategy":"id","selector":"ItemSupermarket","context":"","multiple":false}
[38;5;221m[7c085cfe][0m[38;5;-168m[AndroidUiautomator2Driver@6812][0m Got response with status 200: {"sessionId":"e19a8d08-1459-41d4-b718-503fe7b4835d","value":{"ELEMENT":"00000000-0000-0809-ffff-ffff00000041","element-6066-11e4-a52e-4f735466cecf":"00000000-0000-0809-ffff-ffff00000041"}}
[38;5;221m[7c085cfe][0m[38;5;-168m[AndroidUiautomator2Driver@6812][0m Responding to client with driver.findElement() result: {"element-6066-11e4-a52e-4f735466cecf":"00000000-0000-0809-ffff-ffff00000041","ELEMENT":"00000000-0000-0809-ffff-ffff00000041"}
[38;5;221m[7c085cfe][0m[38;5;86m[HTTP][0m [37m<-- POST /session/7c085cfe-be18-4804-a563-de07f3c44941/element [39m[32m200[39m [90m29 ms - 137[39m [90m[39m
[38;5;221m[7c085cfe][0m[38;5;86m[HTTP][0m [37m-->[39m [37mPOST[39m [37m/session/7c085cfe-be18-4804-a563-de07f3c44941/element/00000000-0000-0809-ffff-ffff00000041/click[39m [90m{}[39m
[38;5;221m[7c085cfe][0m[38;5;-168m[AndroidUiautomator2Driver@6812][0m Calling AppiumDriver.click() with args: ["00000000-0000-0809-ffff-ffff00000041","7c085cfe-be18-4804-a563-de07f3c44941"]
[38;5;221m[7c085cfe][0m[38;5;-168m[AndroidUiautomator2Driver@6812][0m Matched '/element/00000000-0000-0809-ffff-ffff00000041/click' to command name 'click'
[38;5;221m[7c085cfe][0m[38;5;-168m[AndroidUiautomator2Driver@6812][0m Proxying [POST /element/00000000-0000-0809-ffff-ffff00000041/click] to [POST http://127.0.0.1:8200/session/e19a8d08-1459-41d4-b718-503fe7b4835d/element/00000000-0000-0809-ffff-ffff00000041/click] with body: {"element":"00000000-0000-0809-ffff-ffff00000041"}
[38;5;221m[7c085cfe][0m[38;5;-168m[AndroidUiautomator2Driver@6812][0m Got response with status 200: {"sessionId":"e19a8d08-1459-41d4-b718-503fe7b4835d","value":null}
[38;5;221m[7c085cfe][0m[38;5;-168m[AndroidUiautomator2Driver@6812][0m Responding to client with driver.click() result: null
[38;5;221m[7c085cfe][0m[38;5;86m[HTTP][0m [37m<-- POST /session/7c085cfe-be18-4804-a563-de07f3c44941/element/00000000-0000-0809-ffff-ffff00000041/click [39m[32m200[39m [90m659 ms - 14[39m [90m[39m
[38;5;221m[7c085cfe][0m[38;5;86m[HTTP][0m [37m-->[39m [37mPOST[39m [37m/session/7c085cfe-be18-4804-a563-de07f3c44941/element[39m [90m{"using":"id","value":"ItemSave"}[39m
[38;5;221m[7c085cfe][0m[38;5;-168m[AndroidUiautomator2Driver@6812][0m Calling AppiumDriver.findElement() with args: ["id","ItemSave","7c085cfe-be18-4804-a563-de07f3c44941"]
[38;5;221m[7c085cfe][0m[38;5;-168m[AndroidUiautomator2Driver@6812][0m Valid locator strategies for this request: xpath, id, class name, accessibility id, css selector, -android uiautomator
[38;5;221m[7c085cfe][0m[38;5;-168m[AndroidUiautomator2Driver@6812][0m Waiting up to 0 ms for condition
[38;5;221m[7c085cfe][0m[38;5;-168m[AndroidUiautomator2Driver@6812][0m Matched '/element' to command name 'findElement'
[38;5;221m[7c085cfe][0m[38;5;-168m[AndroidUiautomator2Driver@6812][0m Proxying [POST /element] to [POST http://127.0.0.1:8200/session/e19a8d08-1459-41d4-b718-503fe7b4835d/element] with body: {"strategy":"id","selector":"ItemSave","context":"","multiple":false}
[38;5;221m[7c085cfe][0m[38;5;-168m[AndroidUiautomator2Driver@6812][0m Got response with status 200: {"sessionId":"e19a8d08-1459-41d4-b718-503fe7b4835d","value":{"ELEMENT":"00000000-0000-0809-ffff-ffff00000046","element-6066-11e4-a52e-4f735466cecf":"00000000-0000-0809-ffff-ffff00000046"}}
[38;5;221m[7c085cfe][0m[38;5;-168m[AndroidUiautomator2Driver@6812][0m Responding to client with driver.findElement() result: {"element-6066-11e4-a52e-4f735466cecf":"00000000-0000-0809-ffff-ffff00000046","ELEMENT":"00000000-0000-0809-ffff-ffff00000046"}
[38;5;221m[7c085cfe][0m[38;5;86m[HTTP][0m [37m<-- POST /session/7c085cfe-be18-4804-a563-de07f3c44941/element [39m[32m200[39m [90m34 ms - 137[39m [90m[39m
[38;5;221m[7c085cfe][0m[38;5;86m[HTTP][0m [37m-->[39m [37mGET[39m [37m/session/7c085cfe-be18-4804-a563-de07f3c44941/element/00000000-0000-0809-ffff-ffff00000046/displayed[39m [90m[39m
[38;5;221m[7c085cfe][0m[38;5;-168m[AndroidUiautomator2Driver@6812][0m Calling AppiumDriver.elementDisplayed() with args: ["00000000-0000-0809-ffff-ffff00000046","7c085cfe-be18-4804-a563-de07f3c44941"]
[38;5;221m[7c085cfe][0m[38;5;-168m[AndroidUiautomator2Driver@6812][0m Matched '/element/00000000-0000-0809-ffff-ffff00000046/attribute/displayed' to command name 'getAttribute'
[38;5;221m[7c085cfe][0m[38;5;-168m[AndroidUiautomator2Driver@6812][0m Proxying [GET /element/00000000-0000-0809-ffff-ffff00000046/attribute/displayed] to [GET http://127.0.0.1:8200/session/e19a8d08-1459-41d4-b718-503fe7b4835d/element/00000000-0000-0809-ffff-ffff00000046/attribute/displayed] with no body
[38;5;221m[7c085cfe][0m[38;5;-168m[AndroidUiautomator2Driver@6812][0m Got response with status 200: {"sessionId":"e19a8d08-1459-41d4-b718-503fe7b4835d","value":"true"}
[38;5;221m[7c085cfe][0m[38;5;-168m[AndroidUiautomator2Driver@6812][0m Responding to client with driver.elementDisplayed() result: true
[38;5;221m[7c085cfe][0m[38;5;86m[HTTP][0m [37m<-- GET /session/7c085cfe-be18-4804-a563-de07f3c44941/element/00000000-0000-0809-ffff-ffff00000046/displayed [39m[32m200[39m [90m13 ms - 14[39m [90m[39m
[38;5;221m[7c085cfe][0m[38;5;86m[HTTP][0m [37m-->[39m [37mPOST[39m [37m/session/7c085cfe-be18-4804-a563-de07f3c44941/element[39m [90m{"using":"id","value":"ItemSave"}[39m
[38;5;221m[7c085cfe][0m[38;5;-168m[AndroidUiautomator2Driver@6812][0m Calling AppiumDriver.findElement() with args: ["id","ItemSave","7c085cfe-be18-4804-a563-de07f3c44941"]
[38;5;221m[7c085cfe][0m[38;5;-168m[AndroidUiautomator2Driver@6812][0m Valid locator strategies for this request: xpath, id, class name, accessibility id, css selector, -android uiautomator
[38;5;221m[7c085cfe][0m[38;5;-168m[AndroidUiautomator2Driver@6812][0m Waiting up to 0 ms for condition
[38;5;221m[7c085cfe][0m[38;5;-168m[AndroidUiautomator2Driver@6812][0m Matched '/element' to command name 'findElement'
[38;5;221m[7c085cfe][0m[38;5;-168m[AndroidUiautomator2Driver@6812][0m Proxying [POST /element] to [POST http://127.0.0.1:8200/session/e19a8d08-1459-41d4-b718-503fe7b4835d/element] with body: {"strategy":"id","selector":"ItemSave","context":"","multiple":false}
[38;5;221m[7c085cfe][0m[38;5;-168m[AndroidUiautomator2Driver@6812][0m Got response with status 200: {"sessionId":"e19a8d08-1459-41d4-b718-503fe7b4835d","value":{"ELEMENT":"00000000-0000-0809-ffff-ffff00000046","element-6066-11e4-a52e-4f735466cecf":"00000000-0000-0809-ffff-ffff00000046"}}
[38;5;221m[7c085cfe][0m[38;5;-168m[AndroidUiautomator2Driver@6812][0m Responding to client with driver.findElement() result: {"element-6066-11e4-a52e-4f735466cecf":"00000000-0000-0809-ffff-ffff00000046","ELEMENT":"00000000-0000-0809-ffff-ffff00000046"}
[38;5;221m[7c085cfe][0m[38;5;86m[HTTP][0m [37m<-- POST /session/7c085cfe-be18-4804-a563-de07f3c44941/element [39m[32m200[39m [90m39 ms - 137[39m [90m[39m
[38;5;221m[7c085cfe][0m[38;5;86m[HTTP][0m [37m-->[39m [37mPOST[39m [37m/session/7c085cfe-be18-4804-a563-de07f3c44941/element/00000000-0000-0809-ffff-ffff00000046/click[39m [90m{}[39m
[38;5;221m[7c085cfe][0m[38;5;-168m[AndroidUiautomator2Driver@6812][0m Calling AppiumDriver.click() with args: ["00000000-0000-0809-ffff-ffff00000046","7c085cfe-be18-4804-a563-de07f3c44941"]
[38;5;221m[7c085cfe][0m[38;5;-168m[AndroidUiautomator2Driver@6812][0m Matched '/element/00000000-0000-0809-ffff-ffff00000046/click' to command name 'click'
[38;5;221m[7c085cfe][0m[38;5;-168m[AndroidUiautomator2Driver@6812][0m Proxying [POST /element/00000000-0000-0809-ffff-ffff00000046/click] to [POST http://127.0.0.1:8200/session/e19a8d08-1459-41d4-b718-503fe7b4835d/element/00000000-0000-0809-ffff-ffff00000046/click] with body: {"element":"00000000-0000-0809-ffff-ffff00000046"}
[38;5;221m[7c085cfe][0m[38;5;-168m[AndroidUiautomator2Driver@6812][0m Got response with status 200: {"sessionId":"e19a8d08-1459-41d4-b718-503fe7b4835d","value":null}
[38;5;221m[7c085cfe][0m[38;5;-168m[AndroidUiautomator2Driver@6812][0m Responding to client with driver.click() result: null
[38;5;221m[7c085cfe][0m[38;5;86m[HTTP][0m [37m<-- POST /session/7c085cfe-be18-4804-a563-de07f3c44941/element/00000000-0000-0809-ffff-ffff00000046/click [39m[32m200[39m [90m59 ms - 14[39m [90m[39m
[38;5;221m[7c085cfe][0m[38;5;86m[HTTP][0m [37m-->[39m [37mPOST[39m [37m/session/7c085cfe-be18-4804-a563-de07f3c44941/element[39m [90m{"using":"id","value":"android:id/message"}[39m
[38;5;221m[7c085cfe][0m[38;5;-168m[AndroidUiautomator2Driver@6812][0m Calling AppiumDriver.findElement() with args: ["id","android:id/message","7c085cfe-be18-4804-a563-de07f3c44941"]
[38;5;221m[7c085cfe][0m[38;5;-168m[AndroidUiautomator2Driver@6812][0m Valid locator strategies for this request: xpath, id, class name, accessibility id, css selector, -android uiautomator
[38;5;221m[7c085cfe][0m[38;5;-168m[AndroidUiautomator2Driver@6812][0m Waiting up to 0 ms for condition
[38;5;221m[7c085cfe][0m[38;5;-168m[AndroidUiautomator2Driver@6812][0m Matched '/element' to command name 'findElement'
[38;5;221m[7c085cfe][0m[38;5;-168m[AndroidUiautomator2Driver@6812][0m Proxying [POST /element] to [POST http://127.0.0.1:8200/session/e19a8d08-1459-41d4-b718-503fe7b4835d/element] with body: {"strategy":"id","selector":"android:id/message","context":"","multiple":false}
[38;5;221m[7c085cfe][0m[38;5;-168m[AndroidUiautomator2Driver@6812][0m Got response with status 404: {"sessionId":"e19a8d08-1459-41d4-b718-503fe7b4835d","value":{"error":"no such element","message":"An element could not be located on the page using the given search parameters","stacktrace":"io.appium.uiautomator2.common.exceptions.ElementNotFoundException: An element could not be located on the page using the given search parameters\n\tat io.appium.uiautomator2.handler.FindElement.safeHandle(FindElement.java:63)\n\tat io.appium.uiautomator2.handler.request.SafeRequestHandler.handle(SafeRequestHandler.java:59)\n\tat io.appium.uiautomator2.server.AppiumServlet.handleRequest(AppiumServlet.java:259)\n\tat io.appium.uiautomator2.server.AppiumServlet.handleHttpRequest(AppiumServlet.java:253)\n\tat io.appium.uiautomator2.http.ServerHandler.channelRead(ServerHandler.java:77)\n\tat io.netty.channel.AbstractChannelHandlerContext.invokeChannelRead(AbstractChannelHandlerContext.java:366)\n\tat io.netty.channel.AbstractChannelHandlerContext.invokeChannelRead(AbstractChannelHandlerContext.java:352)\n\tat io.netty.chann...
[38;5;221m[7c085cfe][0m[38;5;123m[W3C][0m Matched W3C error code 'no such element' to NoSuchElementError
[38;5;221m[7c085cfe][0m[38;5;-168m[AndroidUiautomator2Driver@6812][0m Encountered internal error running command: NoSuchElementError: An element could not be located on the page using the given search parameters.
    at AndroidUiautomator2Driver.findElOrEls (C:\Users\karlt\.appium\node_modules\appium-uiautomator2-driver\node_modules\appium-android-driver\lib\commands\find.ts:86:11)
    at processTicksAndRejections (node:internal/process/task_queues:105:5)
    at AndroidUiautomator2Driver.findElOrElsWithProcessing (C:\Users\karlt\appium-js\node_modules\@appium\base-driver\lib\basedriver\commands\find.ts:60:12)
    at AndroidUiautomator2Driver.findElement (C:\Users\karlt\appium-js\node_modules\@appium\base-driver\lib\basedriver\commands\find.ts:75:12)
[38;5;221m[7c085cfe][0m[38;5;86m[HTTP][0m [37m<-- POST /session/7c085cfe-be18-4804-a563-de07f3c44941/element [39m[33m404[39m [90m108 ms - 823[39m [90m[39m
[38;5;221m[7c085cfe][0m[38;5;86m[HTTP][0m [37m-->[39m [37mPOST[39m [37m/session/7c085cfe-be18-4804-a563-de07f3c44941/elements[39m [90m{"using":"id","value":"android:id/message"}[39m
[38;5;221m[7c085cfe][0m[38;5;-168m[AndroidUiautomator2Driver@6812][0m Calling AppiumDriver.findElements() with args: ["id","android:id/message","7c085cfe-be18-4804-a563-de07f3c44941"]
[38;5;221m[7c085cfe][0m[38;5;-168m[AndroidUiautomator2Driver@6812][0m Valid locator strategies for this request: xpath, id, class name, accessibility id, css selector, -android uiautomator
[38;5;221m[7c085cfe][0m[38;5;-168m[AndroidUiautomator2Driver@6812][0m Waiting up to 0 ms for condition
[38;5;221m[7c085cfe][0m[38;5;-168m[AndroidUiautomator2Driver@6812][0m Matched '/elements' to command name 'findElements'
[38;5;221m[7c085cfe][0m[38;5;-168m[AndroidUiautomator2Driver@6812][0m Proxying [POST /elements] to [POST http://127.0.0.1:8200/session/e19a8d08-1459-41d4-b718-503fe7b4835d/elements] with body: {"strategy":"id","selector":"android:id/message","context":"","multiple":true}
[38;5;221m[7c085cfe][0m[38;5;-168m[AndroidUiautomator2Driver@6812][0m Got response with status 200: {"sessionId":"e19a8d08-1459-41d4-b718-503fe7b4835d","value":[{"ELEMENT":"00000000-0000-080b-ffff-ffff00000072","element-6066-11e4-a52e-4f735466cecf":"00000000-0000-080b-ffff-ffff00000072"}]}
[38;5;221m[7c085cfe][0m[38;5;-168m[AndroidUiautomator2Driver@6812][0m Responding to client with driver.findElements() result: [{"element-6066-11e4-a52e-4f735466cecf":"00000000-0000-080b-ffff-ffff00000072","ELEMENT":"00000000-0000-080b-ffff-ffff00000072"}]
[38;5;221m[7c085cfe][0m[38;5;86m[HTTP][0m [37m<-- POST /session/7c085cfe-be18-4804-a563-de07f3c44941/elements [39m[32m200[39m [90m537 ms - 139[39m [90m[39m
[38;5;221m[7c085cfe][0m[38;5;86m[HTTP][0m [37m-->[39m [37mPOST[39m [37m/session/7c085cfe-be18-4804-a563-de07f3c44941/element[39m [90m{"using":"id","value":"android:id/message"}[39m
[38;5;221m[7c085cfe][0m[38;5;-168m[AndroidUiautomator2Driver@6812][0m Calling AppiumDriver.findElement() with args: ["id","android:id/message","7c085cfe-be18-4804-a563-de07f3c44941"]
[38;5;221m[7c085cfe][0m[38;5;-168m[AndroidUiautomator2Driver@6812][0m Valid locator strategies for this request: xpath, id, class name, accessibility id, css selector, -android uiautomator
[38;5;221m[7c085cfe][0m[38;5;-168m[AndroidUiautomator2Driver@6812][0m Waiting up to 0 ms for condition
[38;5;221m[7c085cfe][0m[38;5;-168m[AndroidUiautomator2Driver@6812][0m Matched '/element' to command name 'findElement'
[38;5;221m[7c085cfe][0m[38;5;-168m[AndroidUiautomator2Driver@6812][0m Proxying [POST /element] to [POST http://127.0.0.1:8200/session/e19a8d08-1459-41d4-b718-503fe7b4835d/element] with body: {"strategy":"id","selector":"android:id/message","context":"","multiple":false}
[38;5;221m[7c085cfe][0m[38;5;-168m[AndroidUiautomator2Driver@6812][0m Got response with status 200: {"sessionId":"e19a8d08-1459-41d4-b718-503fe7b4835d","value":{"ELEMENT":"00000000-0000-080b-ffff-ffff00000072","element-6066-11e4-a52e-4f735466cecf":"00000000-0000-080b-ffff-ffff00000072"}}
[38;5;221m[7c085cfe][0m[38;5;-168m[AndroidUiautomator2Driver@6812][0m Responding to client with driver.findElement() result: {"element-6066-11e4-a52e-4f735466cecf":"00000000-0000-080b-ffff-ffff00000072","ELEMENT":"00000000-0000-080b-ffff-ffff00000072"}
[38;5;221m[7c085cfe][0m[38;5;86m[HTTP][0m [37m<-- POST /session/7c085cfe-be18-4804-a563-de07f3c44941/element [39m[32m200[39m [90m16 ms - 137[39m [90m[39m
[38;5;221m[7c085cfe][0m[38;5;86m[HTTP][0m [37m-->[39m [37mPOST[39m [37m/session/7c085cfe-be18-4804-a563-de07f3c44941/element[39m [90m{"using":"id","value":"android:id/message"}[39m
[38;5;221m[7c085cfe][0m[38;5;-168m[AndroidUiautomator2Driver@6812][0m Calling AppiumDriver.findElement() with args: ["id","android:id/message","7c085cfe-be18-4804-a563-de07f3c44941"]
[38;5;221m[7c085cfe][0m[38;5;-168m[AndroidUiautomator2Driver@6812][0m Valid locator strategies for this request: xpath, id, class name, accessibility id, css selector, -android uiautomator
[38;5;221m[7c085cfe][0m[38;5;-168m[AndroidUiautomator2Driver@6812][0m Waiting up to 0 ms for condition
[38;5;221m[7c085cfe][0m[38;5;-168m[AndroidUiautomator2Driver@6812][0m Matched '/element' to command name 'findElement'
[38;5;221m[7c085cfe][0m[38;5;-168m[AndroidUiautomator2Driver@6812][0m Proxying [POST /element] to [POST http://127.0.0.1:8200/session/e19a8d08-1459-41d4-b718-503fe7b4835d/element] with body: {"strategy":"id","selector":"android:id/message","context":"","multiple":false}
[38;5;221m[7c085cfe][0m[38;5;-168m[AndroidUiautomator2Driver@6812][0m Got response with status 200: {"sessionId":"e19a8d08-1459-41d4-b718-503fe7b4835d","value":{"ELEMENT":"00000000-0000-080b-ffff-ffff00000072","element-6066-11e4-a52e-4f735466cecf":"00000000-0000-080b-ffff-ffff00000072"}}
[38;5;221m[7c085cfe][0m[38;5;-168m[AndroidUiautomator2Driver@6812][0m Responding to client with driver.findElement() result: {"element-6066-11e4-a52e-4f735466cecf":"00000000-0000-080b-ffff-ffff00000072","ELEMENT":"00000000-0000-080b-ffff-ffff00000072"}
[38;5;221m[7c085cfe][0m[38;5;86m[HTTP][0m [37m<-- POST /session/7c085cfe-be18-4804-a563-de07f3c44941/element [39m[32m200[39m [90m15 ms - 137[39m [90m[39m
[38;5;221m[7c085cfe][0m[38;5;86m[HTTP][0m [37m-->[39m [37mGET[39m [37m/session/7c085cfe-be18-4804-a563-de07f3c44941/element/00000000-0000-080b-ffff-ffff00000072/text[39m [90m[39m
[38;5;221m[7c085cfe][0m[38;5;-168m[AndroidUiautomator2Driver@6812][0m Driver proxy active, passing request on via HTTP proxy
[38;5;221m[7c085cfe][0m[38;5;-168m[AndroidUiautomator2Driver@6812][0m Matched '/session/7c085cfe-be18-4804-a563-de07f3c44941/element/00000000-0000-080b-ffff-ffff00000072/text' to command name 'getText'
[38;5;221m[7c085cfe][0m[38;5;-168m[AndroidUiautomator2Driver@6812][0m Proxying [GET /session/7c085cfe-be18-4804-a563-de07f3c44941/element/00000000-0000-080b-ffff-ffff00000072/text] to [GET http://127.0.0.1:8200/session/e19a8d08-1459-41d4-b718-503fe7b4835d/element/00000000-0000-080b-ffff-ffff00000072/text] with no body
[38;5;221m[7c085cfe][0m[38;5;-168m[AndroidUiautomator2Driver@6812][0m Got response with status 200: {"sessionId":"e19a8d08-1459-41d4-b718-503fe7b4835d","value":"Item saved successfully!"}
[38;5;221m[7c085cfe][0m[38;5;-168m[AndroidUiautomator2Driver@6812][0m Replacing sessionId e19a8d08-1459-41d4-b718-503fe7b4835d with 7c085cfe-be18-4804-a563-de07f3c44941
[38;5;221m[7c085cfe][0m[38;5;86m[HTTP][0m [37m<-- GET /session/7c085cfe-be18-4804-a563-de07f3c44941/element/00000000-0000-080b-ffff-ffff00000072/text [39m[32m200[39m [90m11 ms - 36[39m [90m[39m
[38;5;221m[7c085cfe][0m[38;5;86m[HTTP][0m [37m-->[39m [37mDELETE[39m [37m/session/7c085cfe-be18-4804-a563-de07f3c44941[39m [90m[39m
[38;5;221m[7c085cfe][0m[38;5;-168m[AndroidUiautomator2Driver@6812][0m Calling AppiumDriver.deleteSession() with args: ["7c085cfe-be18-4804-a563-de07f3c44941"]
[38;5;221m[7c085cfe][0m[38;5;129m[AppiumDriver@8155][0m Event 'quitSessionRequested' logged at 1770241616341 (21:46:56 GMT+0000 (Greenwich Mean Time))
[38;5;221m[7c085cfe][0m[38;5;129m[AppiumDriver@8155][0m Removing session 7c085cfe-be18-4804-a563-de07f3c44941 from our master session list
[38;5;221m[7c085cfe][0m[38;5;-168m[AndroidUiautomator2Driver@6812][0m Deleting UiAutomator2 session
[38;5;221m[7c085cfe][0m[38;5;-168m[AndroidUiautomator2Driver@6812][0m Deleting UiAutomator2 server session
[38;5;221m[7c085cfe][0m[38;5;-168m[AndroidUiautomator2Driver@6812][0m Proxying [DELETE /] to [DELETE http://127.0.0.1:8200/session/e19a8d08-1459-41d4-b718-503fe7b4835d] with no body
[38;5;221m[7c085cfe][0m[38;5;-168m[AndroidUiautomator2Driver@6812][0m Got response with status 200: {"sessionId":"e19a8d08-1459-41d4-b718-503fe7b4835d","value":null}
[38;5;221m[7c085cfe][0m[38;5;229m[ADB][0m Getting IDs of all 'io.appium.uiautomator2.server' processes
[38;5;221m[7c085cfe][0m[38;5;229m[ADB][0m Running 'C:\Users\karlt\AppData\Local\Android\Sdk\platform-tools\adb.exe -P 5037 -s emulator-5554 shell 'pgrep --help; echo $?''
[38;5;221m[7c085cfe][0m[38;5;-168m[AndroidUiautomator2Driver@6812][0m [Instrumentation] io.appium.uiautomator2.server.test.AppiumUiAutomator2Server:.
[38;5;221m[7c085cfe][0m[38;5;-168m[AndroidUiautomator2Driver@6812][0m [Instrumentation] 
[38;5;221m[7c085cfe][0m[38;5;-168m[AndroidUiautomator2Driver@6812][0m [Instrumentation] Time: 15.758
[38;5;221m[7c085cfe][0m[38;5;-168m[AndroidUiautomator2Driver@6812][0m [Instrumentation] 
[38;5;221m[7c085cfe][0m[38;5;-168m[AndroidUiautomator2Driver@6812][0m [Instrumentation] OK (1 test)
[38;5;221m[7c085cfe][0m[38;5;-168m[AndroidUiautomator2Driver@6812][0m [Instrumentation] 
[38;5;221m[7c085cfe][0m[38;5;-168m[AndroidUiautomator2Driver@6812][0m [Instrumentation] 
[38;5;221m[7c085cfe][0m[38;5;229m[ADB][0m Running 'C:\Users\karlt\AppData\Local\Android\Sdk\platform-tools\adb.exe -P 5037 -s emulator-5554 shell pgrep -f \(\[\[:blank:\]\]\|\^\)io\.appium\.uiautomator2\.server\(:\[a-zA-Z0-9_-\]\+\)\?\(\[\[:blank:\]\]\|\$\)'
[38;5;221m[7c085cfe][0m[38;5;-168m[AndroidUiautomator2Driver@6812][0m [Instrumentation] The process has exited with code 0, signal null
[38;5;221m[7c085cfe][0m[38;5;229m[ADB][0m Running 'C:\Users\karlt\AppData\Local\Android\Sdk\platform-tools\adb.exe -P 5037 -s emulator-5554 shell am force-stop io.appium.uiautomator2.server'
[38;5;221m[7c085cfe][0m[38;5;229m[ADB][0m Running 'C:\Users\karlt\AppData\Local\Android\Sdk\platform-tools\adb.exe -P 5037 -s emulator-5554 shell am force-stop io.appium.uiautomator2.server.test'
[38;5;221m[7c085cfe][0m[38;5;229m[ADB][0m Running 'C:\Users\karlt\AppData\Local\Android\Sdk\platform-tools\adb.exe -P 5037 -s emulator-5554 shell dumpsys activity services io.appium.settings/.recorder.RecorderService'
[38;5;221m[7c085cfe][0m[38;5;229m[ADB][0m Running 'C:\Users\karlt\AppData\Local\Android\Sdk\platform-tools\adb.exe -P 5037 -s emulator-5554 shell am force-stop com.companyname.appiumtestapp'
[38;5;221m[7c085cfe][0m[38;5;229m[ADB][0m Removing forwarded port socket connection: 8200 
[38;5;221m[7c085cfe][0m[38;5;229m[ADB][0m Running 'C:\Users\karlt\AppData\Local\Android\Sdk\platform-tools\adb.exe -P 5037 -s emulator-5554 forward --remove tcp:8200'
[38;5;221m[7c085cfe][0m[38;5;-168m[AndroidUiautomator2Driver@6812][0m Restoring hidden api policy to the device default configuration
[38;5;221m[7c085cfe][0m[38;5;229m[ADB][0m Running 'C:\Users\karlt\AppData\Local\Android\Sdk\platform-tools\adb.exe -P 5037 -s emulator-5554 shell 'settings delete global hidden_api_policy_pre_p_apps;settings delete global hidden_api_policy_p_apps;settings delete global hidden_api_policy''
[38;5;221m[7c085cfe][0m[38;5;160m[Logcat][0m Stopping logcat capture
[38;5;221m[7c085cfe][0m[38;5;129m[AppiumDriver@8155][0m Event 'quitSessionFinished' logged at 1770241616900 (21:46:56 GMT+0000 (Greenwich Mean Time))
[38;5;221m[7c085cfe][0m[38;5;129m[AppiumDriver@8155][0m Received response: null
[38;5;221m[7c085cfe][0m[38;5;129m[AppiumDriver@8155][0m But deleting session, so not returning
[38;5;221m[7c085cfe][0m[38;5;129m[AppiumDriver@8155][0m Responding to client with driver.deleteSession() result: null
[38;5;221m[7c085cfe][0m[38;5;86m[HTTP][0m [37m<-- DELETE /session/7c085cfe-be18-4804-a563-de07f3c44941 [39m[32m200[39m [90m559 ms - 14[39m [90m[39m
[38;5;86m[HTTP][0m [37m-->[39m [37mPOST[39m [37m/session[39m [90m{"capabilities":{"alwaysMatch":{"platformName":"Android","appium:deviceName":"Pixel 9 Pro","appium:automationName":"UiAutomator2","appium:appPackage":"com.companyname.appiumtestapp","appium:appActivity":"crc64f0954e3e9cd062a0.MainActivity","appium:appWaitActivity":"*","appium:appWaitDuration":60000,"appium:noReset":false,"appium:autoGrantPermissions":true,"appium:unicodeKeyboard":true,"appium:resetKeyboard":true,"appium:newCommandTimeout":180,"appium:adbExecTimeout":120000,"appium:uiautomator2ServerInstallTimeout":120000,"appium:uiautomator2ServerLaunchTimeout":120000,"appium:uiautomator2ServerReadTimeout":120000,"appium:disableWindowAnimation":true},"firstMatch":[{}]}}[39m
[38;5;129m[AppiumDriver@8155][0m Calling AppiumDriver.createSession() with args: [{"alwaysMatch":{"platformName":"Android","appium:deviceName":"Pixel 9 Pro","appium:automationName":"UiAutomator2","appium:appPackage":"com.companyname.appiumtestapp","appium:appActivity":"crc64f0954e3e9cd062a0.MainActivity","appium:appWaitActivity":"*","appium:appWaitDuration":60000,"appium:noReset":false,"appium:autoGrantPermissions":true,"appium:unicodeKeyboard":true,"appium:resetKeyboard":true,"appium:newCommandTimeout":180,"appium:adbExecTimeout":120000,"appium:uiautomator2ServerInstallTimeout":120000,"appium:uiautomator2ServerLaunchTimeout":120000,"appium:uiautomator2ServerReadTimeout":120000,"appium:disableWindowAnimation":true},"firstMatch":[{}]},{"alwaysMatch":{"platformName":"Android","appium:deviceName":"Pixel 9 Pro","appium:automationName":"UiAutomator2","appium:appPackage":"com.companyname.appiumtestapp","appium:appActivity":"crc64f0954e3e9cd062a0.MainActivity","appium:appWaitActivity":"*","appium:appWaitDuration":60000,"appium:noReset":false,"appium:autoGrantPermissions":true,"appium:unicodeK...
[38;5;129m[AppiumDriver@8155][0m Event 'newSessionRequested' logged at 1770241618601 (21:46:58 GMT+0000 (Greenwich Mean Time))
[38;5;112m[Appium][0m Attempting to find matching driver for automationName 'UiAutomator2' and platformName 'Android'
[38;5;112m[Appium][0m The 'uiautomator2' driver was installed and matched caps.
[38;5;112m[Appium][0m Will require it at C:\Users\karlt\.appium\node_modules\appium-uiautomator2-driver
[38;5;112m[Appium][0m Requiring driver at C:\Users\karlt\.appium\node_modules\appium-uiautomator2-driver\build\index.js
[38;5;129m[AppiumDriver@8155][0m Appium v3.1.2 creating new AndroidUiautomator2Driver (v4.1.5) session
[38;5;129m[AppiumDriver@8155][0m Checking BaseDriver versions for Appium and AndroidUiautomator2Driver
[38;5;129m[AppiumDriver@8155][0m Appium's BaseDriver version is 10.1.2
[38;5;129m[AppiumDriver@8155][0m AndroidUiautomator2Driver's BaseDriver version is 10.1.2
[38;5;-107m[AndroidUiautomator2Driver@c97e][0m 
[38;5;-107m[AndroidUiautomator2Driver@c97e][0m Creating session with W3C capabilities: {
  "alwaysMatch": {
    "platformName": "Android",
    "appium:deviceName": "Pixel 9 Pro",
    "appium:automationName": "UiAutomator2",
    "appium:appPackage": "com.companyname.appiumtestapp",
    "appium:appActivity": "crc64f0954e3e9cd062a0.MainActivity",
    "appium:appWaitActivity": "*",
    "appium:appWaitDuration": 60000,
    "appium:noReset": false,
    "appium:autoGrantPermissions": true,
    "appium:unicodeKeyboard": true,
    "appium:resetKeyboard": true,
    "appium:newCommandTimeout": 180,
    "appium:adbExecTimeout": 120000,
    "appium:uiautomator2ServerInstallTimeout": 120000,
    "appium:uiautomator2ServerLaunchTimeout": 120000,
    "appium:uiautomator2ServerReadTimeout": 120000,
    "appium:disableWindowAnimation": true
  },
  "firstMatch": [
    {}
  ]
}
[38;5;-107m[AndroidUiautomator2Driver@c97e][0m The following provided capabilities were not recognized by this driver:
[38;5;-107m[AndroidUiautomator2Driver@c97e][0m   resetKeyboard
[38;5;191m[f08da815][0m[38;5;-107m[AndroidUiautomator2Driver@c97e][0m Session created with session id: f08da815-435b-4795-b7fa-063fe724030c
[38;5;191m[f08da815][0m[38;5;229m[ADB][0m Using 'adb.exe' from 'C:\Users\karlt\AppData\Local\Android\Sdk\platform-tools\adb.exe'
[38;5;191m[f08da815][0m[38;5;229m[ADB][0m Running 'C:\Users\karlt\AppData\Local\Android\Sdk\platform-tools\adb.exe -P 5037 start-server'
[38;5;191m[f08da815][0m[38;5;-107m[AndroidUiautomator2Driver@c97e][0m Retrieving device list
[38;5;191m[f08da815][0m[38;5;229m[ADB][0m Trying to find connected Android devices
[38;5;191m[f08da815][0m[38;5;229m[ADB][0m Getting connected devices
[38;5;191m[f08da815][0m[38;5;229m[ADB][0m Connected devices: [{"udid":"emulator-5554","state":"device"}]
[38;5;191m[f08da815][0m[38;5;-107m[AndroidUiautomator2Driver@c97e][0m Using device: emulator-5554
[38;5;191m[f08da815][0m[38;5;229m[ADB][0m Using 'adb.exe' from 'C:\Users\karlt\AppData\Local\Android\Sdk\platform-tools\adb.exe'
[38;5;191m[f08da815][0m[38;5;229m[ADB][0m Running 'C:\Users\karlt\AppData\Local\Android\Sdk\platform-tools\adb.exe -P 5037 start-server'
[38;5;191m[f08da815][0m[38;5;229m[ADB][0m Setting device id to emulator-5554
[38;5;191m[f08da815][0m[38;5;-107m[AndroidUiautomator2Driver@c97e][0m Starting 'com.companyname.appiumtestapp' directly on the device
[38;5;191m[f08da815][0m[38;5;229m[ADB][0m Running 'C:\Users\karlt\AppData\Local\Android\Sdk\platform-tools\adb.exe -P 5037 -s emulator-5554 shell getprop ro.build.version.sdk'
[38;5;191m[f08da815][0m[38;5;229m[ADB][0m Current device property 'ro.build.version.sdk': 36
[38;5;191m[f08da815][0m[38;5;229m[ADB][0m Getting device platform version
[38;5;191m[f08da815][0m[38;5;229m[ADB][0m Running 'C:\Users\karlt\AppData\Local\Android\Sdk\platform-tools\adb.exe -P 5037 -s emulator-5554 shell getprop ro.build.version.release'
[38;5;191m[f08da815][0m[38;5;229m[ADB][0m Current device property 'ro.build.version.release': 16
[38;5;191m[f08da815][0m[38;5;229m[ADB][0m Device API level: 36
[38;5;191m[f08da815][0m[38;5;-107m[AndroidUiautomator2Driver@c97e][0m Relaxing hidden api policy
[38;5;191m[f08da815][0m[38;5;229m[ADB][0m Running 'C:\Users\karlt\AppData\Local\Android\Sdk\platform-tools\adb.exe -P 5037 -s emulator-5554 shell 'settings put global hidden_api_policy_pre_p_apps 1;settings put global hidden_api_policy_p_apps 1;settings put global hidden_api_policy 1''
[38;5;191m[f08da815][0m[38;5;229m[ADB][0m Running 'C:\Users\karlt\AppData\Local\Android\Sdk\platform-tools\adb.exe -P 5037 -s emulator-5554 wait-for-device'
[38;5;191m[f08da815][0m[38;5;229m[ADB][0m Running 'C:\Users\karlt\AppData\Local\Android\Sdk\platform-tools\adb.exe -P 5037 -s emulator-5554 shell echo ping'
[38;5;191m[f08da815][0m[38;5;-107m[AndroidUiautomator2Driver@c97e][0m Pushing settings apk to the device...
[38;5;191m[f08da815][0m[38;5;229m[ADB][0m Getting package info for 'io.appium.settings'
[38;5;191m[f08da815][0m[38;5;229m[ADB][0m Running 'C:\Users\karlt\AppData\Local\Android\Sdk\platform-tools\adb.exe -P 5037 -s emulator-5554 shell dumpsys package io.appium.settings'
[38;5;191m[f08da815][0m[38;5;229m[ADB][0m Using 'aapt2.exe' from 'C:\Users\karlt\AppData\Local\Android\Sdk\build-tools\36.0.0\aapt2.exe'
[38;5;191m[f08da815][0m[38;5;229m[ADB][0m Reading package manifest: 'C:\\Users\\karlt\\AppData\\Local\\Android\\Sdk\\build-tools\\36.0.0\\aapt2.exe dump badging C:\\Users\\karlt\\.appium\\node_modules\\appium-uiautomator2-driver\\node_modules\\io.appium.settings\\apks\\settings_apk-debug.apk'
[38;5;191m[f08da815][0m[38;5;229m[ADB][0m The version name of the installed 'io.appium.settings' is greater or equal to the application version name ('5.14.4' >= '5.14.4')
[38;5;191m[f08da815][0m[38;5;229m[ADB][0m There is no need to install/upgrade 'C:\Users\karlt\.appium\node_modules\appium-uiautomator2-driver\node_modules\io.appium.settings\apks\settings_apk-debug.apk'
[38;5;191m[f08da815][0m[38;5;229m[ADB][0m Running 'C:\Users\karlt\AppData\Local\Android\Sdk\platform-tools\adb.exe -P 5037 -s emulator-5554 shell dumpsys activity services io.appium.settings'
[38;5;191m[f08da815][0m[38;5;-107m[AndroidUiautomator2Driver@c97e][0m io.appium.settings is already running. There is no need to reset its permissions.
[38;5;191m[f08da815][0m[38;5;160m[Logcat][0m Starting logs capture with command: C:\\Users\\karlt\\AppData\\Local\\Android\\Sdk\\platform-tools\\adb.exe -P 5037 -s emulator-5554 logcat -v threadtime
[38;5;191m[f08da815][0m[38;5;-107m[AndroidUiautomator2Driver@c97e][0m The 'unicodeKeyboard' capability has been deprecated and will be removed. Set the 'hideKeyboard' capability to 'true' in order to make the on-screen keyboard invisible.
[38;5;191m[f08da815][0m[38;5;-107m[AndroidUiautomator2Driver@c97e][0m Enabling Unicode keyboard support
[38;5;191m[f08da815][0m[38;5;229m[ADB][0m Running 'C:\Users\karlt\AppData\Local\Android\Sdk\platform-tools\adb.exe -P 5037 -s emulator-5554 shell settings get secure default_input_method'
[38;5;191m[f08da815][0m[38;5;-107m[AndroidUiautomator2Driver@c97e][0m Unsetting previous IME io.appium.settings/.UnicodeIME
[38;5;191m[f08da815][0m[38;5;-107m[AndroidUiautomator2Driver@c97e][0m Setting IME to 'io.appium.settings/.UnicodeIME'
[38;5;191m[f08da815][0m[38;5;229m[ADB][0m Running 'C:\Users\karlt\AppData\Local\Android\Sdk\platform-tools\adb.exe -P 5037 -s emulator-5554 shell ime enable io.appium.settings/.UnicodeIME'
[38;5;191m[f08da815][0m[38;5;229m[ADB][0m Running 'C:\Users\karlt\AppData\Local\Android\Sdk\platform-tools\adb.exe -P 5037 -s emulator-5554 shell ime set io.appium.settings/.UnicodeIME'
[38;5;191m[f08da815][0m[38;5;-107m[AndroidUiautomator2Driver@c97e][0m Forwarding UiAutomator2 Server port 6790 to local port 8200
[38;5;191m[f08da815][0m[38;5;229m[ADB][0m Forwarding system: 8200 to device: 6790
[38;5;191m[f08da815][0m[38;5;229m[ADB][0m Running 'C:\Users\karlt\AppData\Local\Android\Sdk\platform-tools\adb.exe -P 5037 -s emulator-5554 forward tcp:8200 tcp:6790'
[38;5;191m[f08da815][0m[38;5;-107m[AndroidUiautomator2Driver@c97e][0m UIA2Proxy options: {"server":"127.0.0.1","port":8200,"timeout":120000,"keepAlive":true,"scheme":"http","base":"","reqBasePath":"","sessionId":null}
[38;5;191m[f08da815][0m[38;5;229m[ADB][0m Getting package info for 'io.appium.uiautomator2.server'
[38;5;191m[f08da815][0m[38;5;229m[ADB][0m Running 'C:\Users\karlt\AppData\Local\Android\Sdk\platform-tools\adb.exe -P 5037 -s emulator-5554 shell dumpsys package io.appium.uiautomator2.server'
[38;5;191m[f08da815][0m[38;5;229m[ADB][0m Getting install status for io.appium.uiautomator2.server.test
[38;5;191m[f08da815][0m[38;5;-107m[AndroidUiautomator2Driver@c97e][0m No app capability. Assuming it is already on the device
[38;5;191m[f08da815][0m[38;5;229m[ADB][0m Getting install status for com.companyname.appiumtestapp
[38;5;191m[f08da815][0m[38;5;229m[ADB][0m Running 'C:\Users\karlt\AppData\Local\Android\Sdk\platform-tools\adb.exe -P 5037 -s emulator-5554 shell cmd package list packages'
[38;5;191m[f08da815][0m[38;5;229m[ADB][0m Running 'C:\Users\karlt\AppData\Local\Android\Sdk\platform-tools\adb.exe -P 5037 -s emulator-5554 shell cmd package list packages'
[38;5;191m[f08da815][0m[38;5;229m[ADB][0m 'io.appium.uiautomator2.server.test' is installed
[38;5;191m[f08da815][0m[38;5;229m[ADB][0m Reading package manifest: 'C:\\Users\\karlt\\AppData\\Local\\Android\\Sdk\\build-tools\\36.0.0\\aapt2.exe dump badging C:\\Users\\karlt\\.appium\\node_modules\\appium-uiautomator2-driver\\node_modules\\appium-uiautomator2-server\\apks\\appium-uiautomator2-server-v7.3.0.apk'
[38;5;191m[f08da815][0m[38;5;229m[ADB][0m 'com.companyname.appiumtestapp' is installed
[38;5;191m[f08da815][0m[38;5;229m[ADB][0m Running 'C:\Users\karlt\AppData\Local\Android\Sdk\platform-tools\adb.exe -P 5037 -s emulator-5554 shell am force-stop com.companyname.appiumtestapp'
[38;5;191m[f08da815][0m[38;5;229m[ADB][0m The version name of the installed 'io.appium.uiautomator2.server' is greater or equal to the application version name ('7.3.0' >= '7.3.0')
[38;5;191m[f08da815][0m[38;5;-107m[AndroidUiautomator2Driver@c97e][0m Server packages status: [{"installState":"sameVersionInstalled","appPath":"C:\\Users\\karlt\\.appium\\node_modules\\appium-uiautomator2-driver\\node_modules\\appium-uiautomator2-server\\apks\\appium-uiautomator2-server-v7.3.0.apk","appId":"io.appium.uiautomator2.server"},{"installState":"sameVersionInstalled","appPath":"C:\\Users\\karlt\\.appium\\node_modules\\appium-uiautomator2-driver\\node_modules\\appium-uiautomator2-server\\apks\\appium-uiautomator2-server-debug-androidTest.apk","appId":"io.appium.uiautomator2.server.test"}]
[38;5;191m[f08da815][0m[38;5;-107m[AndroidUiautomator2Driver@c97e][0m Server packages are not going to be (re)installed
[38;5;191m[f08da815][0m[38;5;-107m[AndroidUiautomator2Driver@c97e][0m Waiting up to 30000ms for services to be available
[38;5;191m[f08da815][0m[38;5;229m[ADB][0m Running 'C:\Users\karlt\AppData\Local\Android\Sdk\platform-tools\adb.exe -P 5037 -s emulator-5554 shell pm list instrumentation'
[38;5;191m[f08da815][0m[38;5;229m[ADB][0m Running 'C:\Users\karlt\AppData\Local\Android\Sdk\platform-tools\adb.exe -P 5037 -s emulator-5554 shell pm clear com.companyname.appiumtestapp'
[38;5;191m[f08da815][0m[38;5;-107m[AndroidUiautomator2Driver@c97e][0m Instrumentation target 'io.appium.uiautomator2.server.test/androidx.test.runner.AndroidJUnitRunner' is available
[38;5;191m[f08da815][0m[38;5;229m[ADB][0m Adding packages ["io.appium.settings","io.appium.uiautomator2.server","io.appium.uiautomator2.server.test"] to Doze whitelist
[38;5;191m[f08da815][0m[38;5;229m[ADB][0m Got the following command chunks to execute: [["dumpsys","deviceidle","whitelist","+io.appium.settings",";","dumpsys","deviceidle","whitelist","+io.appium.uiautomator2.server",";","dumpsys","deviceidle","whitelist","+io.appium.uiautomator2.server.test",";"]]
[38;5;191m[f08da815][0m[38;5;229m[ADB][0m Running 'C:\Users\karlt\AppData\Local\Android\Sdk\platform-tools\adb.exe -P 5037 -s emulator-5554 shell dumpsys deviceidle whitelist +io.appium.settings ; dumpsys deviceidle whitelist +io.appium.uiautomator2.server ; dumpsys deviceidle whitelist +io.appium.uiautomator2.server.test ;'
[38;5;191m[f08da815][0m[38;5;229m[ADB][0m Running 'C:\Users\karlt\AppData\Local\Android\Sdk\platform-tools\adb.exe -P 5037 -s emulator-5554 shell dumpsys package com.companyname.appiumtestapp'
[38;5;191m[f08da815][0m[38;5;229m[ADB][0m Retrieving requested permissions
[38;5;191m[f08da815][0m[38;5;229m[ADB][0m Retrieved 4 permissions from requested group
[38;5;191m[f08da815][0m[38;5;229m[ADB][0m Retrieving granted permissions
[38;5;191m[f08da815][0m[38;5;229m[ADB][0m Retrieved 2 permissions from install,runtime groups
[38;5;191m[f08da815][0m[38;5;229m[ADB][0m com.companyname.appiumtestapp contains no permissions available for granting
[38;5;191m[f08da815][0m[38;5;-107m[AndroidUiautomator2Driver@c97e][0m Performed fast reset on the installed 'com.companyname.appiumtestapp' application (stop and clear)
[38;5;191m[f08da815][0m[38;5;-107m[AndroidUiautomator2Driver@c97e][0m Performing shallow cleanup of automation leftovers
[38;5;191m[f08da815][0m[38;5;-107m[AndroidUiautomator2Driver@c97e][0m No obsolete sessions have been detected (socket hang up)
[38;5;191m[f08da815][0m[38;5;229m[ADB][0m Running 'C:\Users\karlt\AppData\Local\Android\Sdk\platform-tools\adb.exe -P 5037 -s emulator-5554 shell am force-stop io.appium.uiautomator2.server'
[38;5;191m[f08da815][0m[38;5;229m[ADB][0m Running 'C:\Users\karlt\AppData\Local\Android\Sdk\platform-tools\adb.exe -P 5037 -s emulator-5554 shell am force-stop io.appium.uiautomator2.server.test'
[38;5;191m[f08da815][0m[38;5;-107m[AndroidUiautomator2Driver@c97e][0m Starting UIAutomator2 server 7.3.0
[38;5;191m[f08da815][0m[38;5;-107m[AndroidUiautomator2Driver@c97e][0m Using UIAutomator2 server from 'C:\Users\karlt\.appium\node_modules\appium-uiautomator2-driver\node_modules\appium-uiautomator2-server\apks\appium-uiautomator2-server-v7.3.0.apk' and test from 'C:\Users\karlt\.appium\node_modules\appium-uiautomator2-driver\node_modules\appium-uiautomator2-server\apks\appium-uiautomator2-server-debug-androidTest.apk'
[38;5;191m[f08da815][0m[38;5;-107m[AndroidUiautomator2Driver@c97e][0m Waiting up to 120000ms for UiAutomator2 to be online...
[38;5;191m[f08da815][0m[38;5;229m[ADB][0m Creating ADB subprocess with args: ["-P","5037","-s","emulator-5554","shell","am","instrument","-w","--no-window-animation","-e","disableAnalytics","true","io.appium.uiautomator2.server.test/androidx.test.runner.AndroidJUnitRunner"]
[38;5;191m[f08da815][0m[38;5;-107m[AndroidUiautomator2Driver@c97e][0m Matched '/status' to command name 'getStatus'
[38;5;191m[f08da815][0m[38;5;-107m[AndroidUiautomator2Driver@c97e][0m Proxying [GET /status] to [GET http://127.0.0.1:8200/status] with no body
[38;5;191m[f08da815][0m[38;5;-107m[AndroidUiautomator2Driver@c97e][0m socket hang up
[38;5;191m[f08da815][0m[38;5;-107m[AndroidUiautomator2Driver@c97e][0m Matched '/status' to command name 'getStatus'
[38;5;191m[f08da815][0m[38;5;-107m[AndroidUiautomator2Driver@c97e][0m Proxying [GET /status] to [GET http://127.0.0.1:8200/status] with no body
[38;5;191m[f08da815][0m[38;5;-107m[AndroidUiautomator2Driver@c97e][0m socket hang up
[38;5;191m[f08da815][0m[38;5;-107m[AndroidUiautomator2Driver@c97e][0m [Instrumentation] 
[38;5;191m[f08da815][0m[38;5;-107m[AndroidUiautomator2Driver@c97e][0m Matched '/status' to command name 'getStatus'
[38;5;191m[f08da815][0m[38;5;-107m[AndroidUiautomator2Driver@c97e][0m Proxying [GET /status] to [GET http://127.0.0.1:8200/status] with no body
[38;5;191m[f08da815][0m[38;5;-107m[AndroidUiautomator2Driver@c97e][0m Got response with status 200: {"sessionId":"None","value":{"message":"UiAutomator2 Server is ready to accept commands","ready":true}}
[38;5;191m[f08da815][0m[38;5;-107m[AndroidUiautomator2Driver@c97e][0m The initialization of the instrumentation process took 2199ms
[38;5;191m[f08da815][0m[38;5;-107m[AndroidUiautomator2Driver@c97e][0m Matched '/session' to command name 'createSession'
[38;5;191m[f08da815][0m[38;5;-107m[AndroidUiautomator2Driver@c97e][0m Proxying [POST /session] to [POST http://127.0.0.1:8200/session] with body: {"capabilities":{"firstMatch":[{"platformName":"Android","deviceName":"emulator-5554","automationName":"UiAutomator2","appPackage":"com.companyname.appiumtestapp","appActivity":"crc64f0954e3e9cd062a0.MainActivity","appWaitActivity":"*","appWaitDuration":60000,"noReset":false,"autoGrantPermissions":true,"unicodeKeyboard":true,"resetKeyboard":true,"newCommandTimeout":180,"adbExecTimeout":120000,"uiautomator2ServerInstallTimeout":120000,"uiautomator2ServerLaunchTimeout":120000,"uiautomator2ServerReadTimeout":120000,"disableWindowAnimation":true,"platform":"LINUX","webStorageEnabled":false,"takesScreenshot":true,"javascriptEnabled":true,"databaseEnabled":false,"networkConnectionEnabled":true,"locationContextEnabled":false,"warnings":{},"desired":{"platformName":"Android","deviceName":"Pixel 9 Pro","automationName":"UiAutomator2","appPackage":"com.companyname.appiumtestapp","appActivity":"crc64f0954e3e9cd062a0.MainActivity","appWaitActivity":"*","appWaitDuration":60000,"noReset":false,"autoGrantPermissions":tru...
[38;5;191m[f08da815][0m[38;5;-107m[AndroidUiautomator2Driver@c97e][0m Got response with status 200: {"sessionId":"4fab0431-fe47-4962-adcf-c5024cfb175f","value":{"capabilities":{"firstMatch":[{"platformName":"Android","deviceName":"emulator-5554","automationName":"UiAutomator2","appPackage":"com.companyname.appiumtestapp","appActivity":"crc64f0954e3e9cd062a0.MainActivity","appWaitActivity":"*","appWaitDuration":60000,"noReset":false,"autoGrantPermissions":true,"unicodeKeyboard":true,"resetKeyboard":true,"newCommandTimeout":180,"adbExecTimeout":120000,"uiautomator2ServerInstallTimeout":120000,"uiautomator2ServerLaunchTimeout":120000,"uiautomator2ServerReadTimeout":120000,"disableWindowAnimation":true,"platform":"LINUX","webStorageEnabled":false,"takesScreenshot":true,"javascriptEnabled":true,"databaseEnabled":false,"networkConnectionEnabled":true,"locationContextEnabled":false,"warnings":{},"desired":{"platformName":"Android","deviceName":"Pixel 9 Pro","automationName":"UiAutomator2","appPackage":"com.companyname.appiumtestapp","appActivity":"crc64f0954e3e9cd062a0.MainActivity","appWaitActivity":"*","appWa...
[38;5;191m[f08da815][0m[38;5;-107m[AndroidUiautomator2Driver@c97e][0m Determined the downstream protocol as 'W3C'
[38;5;191m[f08da815][0m[38;5;-107m[AndroidUiautomator2Driver@c97e][0m Proxying [GET /appium/device/pixel_ratio] to [GET http://127.0.0.1:8200/session/4fab0431-fe47-4962-adcf-c5024cfb175f/appium/device/pixel_ratio] with no body
[38;5;191m[f08da815][0m[38;5;-107m[AndroidUiautomator2Driver@c97e][0m Proxying [GET /appium/device/system_bars] to [GET http://127.0.0.1:8200/session/4fab0431-fe47-4962-adcf-c5024cfb175f/appium/device/system_bars] with no body
[38;5;191m[f08da815][0m[38;5;-107m[AndroidUiautomator2Driver@c97e][0m Proxying [GET /window/current/size] to [GET http://127.0.0.1:8200/session/4fab0431-fe47-4962-adcf-c5024cfb175f/window/current/size] with no body
[38;5;191m[f08da815][0m[38;5;-107m[AndroidUiautomator2Driver@c97e][0m Proxying [GET /appium/device/info] to [GET http://127.0.0.1:8200/session/4fab0431-fe47-4962-adcf-c5024cfb175f/appium/device/info] with no body
[38;5;191m[f08da815][0m[38;5;229m[ADB][0m Running 'C:\Users\karlt\AppData\Local\Android\Sdk\platform-tools\adb.exe -P 5037 -s emulator-5554 shell dumpsys window'
[38;5;191m[f08da815][0m[38;5;229m[ADB][0m Running 'C:\Users\karlt\AppData\Local\Android\Sdk\platform-tools\adb.exe -P 5037 -s emulator-5554 shell dumpsys power'
[38;5;191m[f08da815][0m[38;5;-107m[AndroidUiautomator2Driver@c97e][0m Got response with status 200: {"sessionId":"4fab0431-fe47-4962-adcf-c5024cfb175f","value":3}
[38;5;191m[f08da815][0m[38;5;-107m[AndroidUiautomator2Driver@c97e][0m Got response with status 200: {"sessionId":"4fab0431-fe47-4962-adcf-c5024cfb175f","value":{"height":2856,"width":1280}}
[38;5;191m[f08da815][0m[38;5;-107m[AndroidUiautomator2Driver@c97e][0m Got response with status 200: {"sessionId":"4fab0431-fe47-4962-adcf-c5024cfb175f","value":{"statusBar":156}}
[38;5;191m[f08da815][0m[38;5;-107m[AndroidUiautomator2Driver@c97e][0m Got response with status 200: {"sessionId":"4fab0431-fe47-4962-adcf-c5024cfb175f","value":{"androidId":"62bef49e0de8fd81","apiVersion":"36","bluetooth":{"state":"ON"},"brand":"google","carrierName":"T-Mobile","displayDensity":480,"locale":"en_US","manufacturer":"Google","model":"sdk_gphone64_x86_64","networks":[{"capabilities":{"SSID":null,"linkDownBandwidthKbps":145000,"linkUpstreamBandwidthKbps":60000,"networkCapabilities":"NET_CAPABILITY_MMS,NET_CAPABILITY_SUPL,NET_CAPABILITY_DUN,NET_CAPABILITY_FOTA,NET_CAPABILITY_IMS,NET_CAPABILITY_CBS,NET_CAPABILITY_INTERNET,NET_CAPABILITY_NOT_RESTRICTED,NET_CAPABILITY_TRUSTED,NET_CAPABILITY_NOT_VPN,NET_CAPABILITY_VALIDATED,NET_CAPABILITY_NOT_ROAMING,NET_CAPABILITY_NOT_CONGESTED,NET_CAPABILITY_NOT_SUSPENDED","signalStrength":-2147483648,"transportTypes":"TRANSPORT_CELLULAR"},"detailedState":"CONNECTED","extraInfo":"epc.tmobile.com","isAvailable":true,"isConnected":true,"isFailover":false,"isRoaming":false,"state":"CONNECTED","subtype":20,"subtypeName":"NR","type":0,"typeName":"MOBILE"},{"capabilit...
[38;5;191m[f08da815][0m[38;5;-107m[AndroidUiautomator2Driver@c97e][0m Screen already unlocked, doing nothing
[38;5;191m[f08da815][0m[38;5;-107m[AndroidUiautomator2Driver@c97e][0m Starting 'com.companyname.appiumtestapp/crc64f0954e3e9cd062a0.MainActivity' and waiting for 'com.companyname.appiumtestapp/*'
[38;5;191m[f08da815][0m[38;5;229m[ADB][0m Running 'C:\Users\karlt\AppData\Local\Android\Sdk\platform-tools\adb.exe -P 5037 -s emulator-5554 shell am start-activity -W -n com.companyname.appiumtestapp/crc64f0954e3e9cd062a0.MainActivity -S -a android.intent.action.MAIN -c android.intent.category.LAUNCHER -f 0x10200000'
[38;5;191m[f08da815][0m[38;5;229m[ADB][0m Expected package names to be focused within 60000ms: 'com.companyname.appiumtestapp'
[38;5;191m[f08da815][0m[38;5;229m[ADB][0m Expected activity name patterns to be focused within 60000ms: '/^.*?$/', '/^com\.companyname\.appiumtestapp\..*?$/'
[38;5;191m[f08da815][0m[38;5;229m[ADB][0m Getting focused package and activity
[38;5;191m[f08da815][0m[38;5;229m[ADB][0m Running 'C:\Users\karlt\AppData\Local\Android\Sdk\platform-tools\adb.exe -P 5037 -s emulator-5554 shell dumpsys window displays'
[38;5;191m[f08da815][0m[38;5;229m[ADB][0m Focused package: com.companyname.appiumtestapp
[38;5;191m[f08da815][0m[38;5;229m[ADB][0m Focused fully qualified activity name: crc64f0954e3e9cd062a0.MainActivity
[38;5;191m[f08da815][0m[38;5;129m[AppiumDriver@8155][0m New AndroidUiautomator2Driver session created successfully, session f08da815-435b-4795-b7fa-063fe724030c added to master session list
[38;5;191m[f08da815][0m[38;5;129m[AppiumDriver@8155][0m Event 'newSessionStarted' logged at 1770241624560 (21:47:04 GMT+0000 (Greenwich Mean Time))
[38;5;191m[f08da815][0m[38;5;-107m[AndroidUiautomator2Driver@c97e][0m Cached the protocol value 'W3C' for the new session f08da815-435b-4795-b7fa-063fe724030c
[38;5;191m[f08da815][0m[38;5;-107m[AndroidUiautomator2Driver@c97e][0m Responding to client with driver.createSession() result: {"capabilities":{"platformName":"Android","deviceName":"emulator-5554","automationName":"UiAutomator2","appPackage":"com.companyname.appiumtestapp","appActivity":"crc64f0954e3e9cd062a0.MainActivity","appWaitActivity":"*","appWaitDuration":60000,"noReset":false,"autoGrantPermissions":true,"unicodeKeyboard":true,"resetKeyboard":true,"newCommandTimeout":180,"adbExecTimeout":120000,"uiautomator2ServerInstallTimeout":120000,"uiautomator2ServerLaunchTimeout":120000,"uiautomator2ServerReadTimeout":120000,"disableWindowAnimation":true,"platform":"LINUX","webStorageEnabled":false,"takesScreenshot":true,"javascriptEnabled":true,"databaseEnabled":false,"networkConnectionEnabled":true,"locationContextEnabled":false,"warnings":{},"desired":{"platformName":"Android","deviceName":"Pixel 9 Pro","automationName":"UiAutomator2","appPackage":"com.companyname.appiumtestapp","appActivity":"crc64f0954e3e9cd062a0.MainActivity","appWaitActivity":"*","appWaitDuration":60000,"noReset":false,"autoGrantPermissions":true,"unicodeKeybo...
[38;5;191m[f08da815][0m[38;5;86m[HTTP][0m [37m<-- POST /session [39m[32m200[39m [90m5960 ms - 1610[39m [90m[39m
[38;5;191m[f08da815][0m[38;5;86m[HTTP][0m [37m-->[39m [37mGET[39m [37m/session/f08da815-435b-4795-b7fa-063fe724030c/orientation[39m [90m[39m
[38;5;191m[f08da815][0m[38;5;-107m[AndroidUiautomator2Driver@c97e][0m Driver proxy active, passing request on via HTTP proxy
[38;5;191m[f08da815][0m[38;5;-107m[AndroidUiautomator2Driver@c97e][0m Matched '/session/f08da815-435b-4795-b7fa-063fe724030c/orientation' to command name 'getOrientation'
[38;5;191m[f08da815][0m[38;5;-107m[AndroidUiautomator2Driver@c97e][0m Proxying [GET /session/f08da815-435b-4795-b7fa-063fe724030c/orientation] to [GET http://127.0.0.1:8200/session/4fab0431-fe47-4962-adcf-c5024cfb175f/orientation] with no body
[38;5;191m[f08da815][0m[38;5;-107m[AndroidUiautomator2Driver@c97e][0m Got response with status 200: {"sessionId":"4fab0431-fe47-4962-adcf-c5024cfb175f","value":"PORTRAIT"}
[38;5;191m[f08da815][0m[38;5;-107m[AndroidUiautomator2Driver@c97e][0m Replacing sessionId 4fab0431-fe47-4962-adcf-c5024cfb175f with f08da815-435b-4795-b7fa-063fe724030c
[38;5;191m[f08da815][0m[38;5;86m[HTTP][0m [37m<-- GET /session/f08da815-435b-4795-b7fa-063fe724030c/orientation [39m[32m200[39m [90m883 ms - 20[39m [90m[39m
[38;5;191m[f08da815][0m[38;5;86m[HTTP][0m [37m-->[39m [37mPOST[39m [37m/session/f08da815-435b-4795-b7fa-063fe724030c/execute/sync[39m [90m{"script":"mobile: deviceInfo","args":[]}[39m
[38;5;191m[f08da815][0m[38;5;-107m[AndroidUiautomator2Driver@c97e][0m Calling AppiumDriver.execute() with args: ["mobile: deviceInfo",[],"f08da815-435b-4795-b7fa-063fe724030c"]
[38;5;191m[f08da815][0m[38;5;-107m[AndroidUiautomator2Driver@c97e][0m Proxying [GET /appium/device/info] to [GET http://127.0.0.1:8200/session/4fab0431-fe47-4962-adcf-c5024cfb175f/appium/device/info] with no body
[38;5;191m[f08da815][0m[38;5;-107m[AndroidUiautomator2Driver@c97e][0m Got response with status 200: {"sessionId":"4fab0431-fe47-4962-adcf-c5024cfb175f","value":{"androidId":"62bef49e0de8fd81","apiVersion":"36","bluetooth":{"state":"ON"},"brand":"google","carrierName":"T-Mobile","displayDensity":480,"locale":"en_US","manufacturer":"Google","model":"sdk_gphone64_x86_64","networks":[{"capabilities":{"SSID":null,"linkDownBandwidthKbps":145000,"linkUpstreamBandwidthKbps":60000,"networkCapabilities":"NET_CAPABILITY_MMS,NET_CAPABILITY_SUPL,NET_CAPABILITY_DUN,NET_CAPABILITY_FOTA,NET_CAPABILITY_IMS,NET_CAPABILITY_CBS,NET_CAPABILITY_INTERNET,NET_CAPABILITY_NOT_RESTRICTED,NET_CAPABILITY_TRUSTED,NET_CAPABILITY_NOT_VPN,NET_CAPABILITY_VALIDATED,NET_CAPABILITY_NOT_ROAMING,NET_CAPABILITY_NOT_CONGESTED,NET_CAPABILITY_NOT_SUSPENDED","signalStrength":-2147483648,"transportTypes":"TRANSPORT_CELLULAR"},"detailedState":"CONNECTED","extraInfo":"epc.tmobile.com","isAvailable":true,"isConnected":true,"isFailover":false,"isRoaming":false,"state":"CONNECTED","subtype":20,"subtypeName":"NR","type":0,"typeName":"MOBILE"},{"capabilit...
[38;5;191m[f08da815][0m[38;5;-107m[AndroidUiautomator2Driver@c97e][0m Responding to client with driver.execute() result: {"androidId":"62bef49e0de8fd81","apiVersion":"36","bluetooth":{"state":"ON"},"brand":"google","carrierName":"T-Mobile","displayDensity":480,"locale":"en_US","manufacturer":"Google","model":"sdk_gphone64_x86_64","networks":[{"capabilities":{"SSID":null,"linkDownBandwidthKbps":145000,"linkUpstreamBandwidthKbps":60000,"networkCapabilities":"NET_CAPABILITY_MMS,NET_CAPABILITY_SUPL,NET_CAPABILITY_DUN,NET_CAPABILITY_FOTA,NET_CAPABILITY_IMS,NET_CAPABILITY_CBS,NET_CAPABILITY_INTERNET,NET_CAPABILITY_NOT_RESTRICTED,NET_CAPABILITY_TRUSTED,NET_CAPABILITY_NOT_VPN,NET_CAPABILITY_VALIDATED,NET_CAPABILITY_NOT_ROAMING,NET_CAPABILITY_NOT_CONGESTED,NET_CAPABILITY_NOT_SUSPENDED","signalStrength":-2147483648,"transportTypes":"TRANSPORT_CELLULAR"},"detailedState":"CONNECTED","extraInfo":"epc.tmobile.com","isAvailable":true,"isConnected":true,"isFailover":false,"isRoaming":false,"state":"CONNECTED","subtype":20,"subtypeName":"NR","type":0,"typeName":"MOBILE"},{"capabilities":{"SSID":null,"linkDownBandwidthKbps":30000,"linkUpstrea...
[38;5;191m[f08da815][0m[38;5;86m[HTTP][0m [37m<-- POST /session/f08da815-435b-4795-b7fa-063fe724030c/execute/sync [39m[32m200[39m [90m16 ms - 1673[39m [90m[39m
[38;5;191m[f08da815][0m[38;5;86m[HTTP][0m [37m-->[39m [37mPOST[39m [37m/session/f08da815-435b-4795-b7fa-063fe724030c/element[39m [90m{"using":"id","value":"ShoppingListBox"}[39m
[38;5;191m[f08da815][0m[38;5;-107m[AndroidUiautomator2Driver@c97e][0m Calling AppiumDriver.findElement() with args: ["id","ShoppingListBox","f08da815-435b-4795-b7fa-063fe724030c"]
[38;5;191m[f08da815][0m[38;5;-107m[AndroidUiautomator2Driver@c97e][0m Valid locator strategies for this request: xpath, id, class name, accessibility id, css selector, -android uiautomator
[38;5;191m[f08da815][0m[38;5;-107m[AndroidUiautomator2Driver@c97e][0m Waiting up to 0 ms for condition
[38;5;191m[f08da815][0m[38;5;-107m[AndroidUiautomator2Driver@c97e][0m Matched '/element' to command name 'findElement'
[38;5;191m[f08da815][0m[38;5;-107m[AndroidUiautomator2Driver@c97e][0m Proxying [POST /element] to [POST http://127.0.0.1:8200/session/4fab0431-fe47-4962-adcf-c5024cfb175f/element] with body: {"strategy":"id","selector":"ShoppingListBox","context":"","multiple":false}
[38;5;191m[f08da815][0m[38;5;-107m[AndroidUiautomator2Driver@c97e][0m Got response with status 200: {"sessionId":"4fab0431-fe47-4962-adcf-c5024cfb175f","value":{"ELEMENT":"00000000-0000-0816-ffff-ffff00000020","element-6066-11e4-a52e-4f735466cecf":"00000000-0000-0816-ffff-ffff00000020"}}
[38;5;191m[f08da815][0m[38;5;-107m[AndroidUiautomator2Driver@c97e][0m Responding to client with driver.findElement() result: {"element-6066-11e4-a52e-4f735466cecf":"00000000-0000-0816-ffff-ffff00000020","ELEMENT":"00000000-0000-0816-ffff-ffff00000020"}
[38;5;191m[f08da815][0m[38;5;86m[HTTP][0m [37m<-- POST /session/f08da815-435b-4795-b7fa-063fe724030c/element [39m[32m200[39m [90m77 ms - 137[39m [90m[39m
[38;5;191m[f08da815][0m[38;5;86m[HTTP][0m [37m-->[39m [37mPOST[39m [37m/session/f08da815-435b-4795-b7fa-063fe724030c/element/00000000-0000-0816-ffff-ffff00000020/clear[39m [90m{}[39m
[38;5;191m[f08da815][0m[38;5;-107m[AndroidUiautomator2Driver@c97e][0m Calling AppiumDriver.clear() with args: ["00000000-0000-0816-ffff-ffff00000020","f08da815-435b-4795-b7fa-063fe724030c"]
[38;5;191m[f08da815][0m[38;5;-107m[AndroidUiautomator2Driver@c97e][0m Matched '/element/00000000-0000-0816-ffff-ffff00000020/clear' to command name 'clear'
[38;5;191m[f08da815][0m[38;5;-107m[AndroidUiautomator2Driver@c97e][0m Proxying [POST /element/00000000-0000-0816-ffff-ffff00000020/clear] to [POST http://127.0.0.1:8200/session/4fab0431-fe47-4962-adcf-c5024cfb175f/element/00000000-0000-0816-ffff-ffff00000020/clear] with body: {"elementId":"00000000-0000-0816-ffff-ffff00000020"}
[38;5;191m[f08da815][0m[38;5;-107m[AndroidUiautomator2Driver@c97e][0m Got response with status 200: {"sessionId":"4fab0431-fe47-4962-adcf-c5024cfb175f","value":null}
[38;5;191m[f08da815][0m[38;5;-107m[AndroidUiautomator2Driver@c97e][0m Responding to client with driver.clear() result: null
[38;5;191m[f08da815][0m[38;5;86m[HTTP][0m [37m<-- POST /session/f08da815-435b-4795-b7fa-063fe724030c/element/00000000-0000-0816-ffff-ffff00000020/clear [39m[32m200[39m [90m33 ms - 14[39m [90m[39m
[38;5;191m[f08da815][0m[38;5;86m[HTTP][0m [37m-->[39m [37mPOST[39m [37m/session/f08da815-435b-4795-b7fa-063fe724030c/element/00000000-0000-0816-ffff-ffff00000020/value[39m [90m{"text":"Bananas"}[39m
[38;5;191m[f08da815][0m[38;5;-107m[AndroidUiautomator2Driver@c97e][0m Calling AppiumDriver.setValue() with args: ["Bananas","00000000-0000-0816-ffff-ffff00000020","f08da815-435b-4795-b7fa-063fe724030c"]
[38;5;191m[f08da815][0m[38;5;-107m[AndroidUiautomator2Driver@c97e][0m Matched '/element/00000000-0000-0816-ffff-ffff00000020/value' to command name 'setValue'
[38;5;191m[f08da815][0m[38;5;-107m[AndroidUiautomator2Driver@c97e][0m Added 'value' property to 'setValue' request body
[38;5;191m[f08da815][0m[38;5;-107m[AndroidUiautomator2Driver@c97e][0m Proxying [POST /element/00000000-0000-0816-ffff-ffff00000020/value] to [POST http://127.0.0.1:8200/session/4fab0431-fe47-4962-adcf-c5024cfb175f/element/00000000-0000-0816-ffff-ffff00000020/value] with body: {"elementId":"00000000-0000-0816-ffff-ffff00000020","text":"Bananas","replace":false,"value":["B","a","n","a","n","a","s"]}
[38;5;191m[f08da815][0m[38;5;-107m[AndroidUiautomator2Driver@c97e][0m Got response with status 200: {"sessionId":"4fab0431-fe47-4962-adcf-c5024cfb175f","value":null}
[38;5;191m[f08da815][0m[38;5;-107m[AndroidUiautomator2Driver@c97e][0m Responding to client with driver.setValue() result: null
[38;5;191m[f08da815][0m[38;5;86m[HTTP][0m [37m<-- POST /session/f08da815-435b-4795-b7fa-063fe724030c/element/00000000-0000-0816-ffff-ffff00000020/value [39m[32m200[39m [90m1037 ms - 14[39m [90m[39m
[38;5;191m[f08da815][0m[38;5;86m[HTTP][0m [37m-->[39m [37mPOST[39m [37m/session/f08da815-435b-4795-b7fa-063fe724030c/element[39m [90m{"using":"id","value":"AddShoppingListItem"}[39m
[38;5;191m[f08da815][0m[38;5;-107m[AndroidUiautomator2Driver@c97e][0m Calling AppiumDriver.findElement() with args: ["id","AddShoppingListItem","f08da815-435b-4795-b7fa-063fe724030c"]
[38;5;191m[f08da815][0m[38;5;-107m[AndroidUiautomator2Driver@c97e][0m Valid locator strategies for this request: xpath, id, class name, accessibility id, css selector, -android uiautomator
[38;5;191m[f08da815][0m[38;5;-107m[AndroidUiautomator2Driver@c97e][0m Waiting up to 0 ms for condition
[38;5;191m[f08da815][0m[38;5;-107m[AndroidUiautomator2Driver@c97e][0m Matched '/element' to command name 'findElement'
[38;5;191m[f08da815][0m[38;5;-107m[AndroidUiautomator2Driver@c97e][0m Proxying [POST /element] to [POST http://127.0.0.1:8200/session/4fab0431-fe47-4962-adcf-c5024cfb175f/element] with body: {"strategy":"id","selector":"AddShoppingListItem","context":"","multiple":false}
[38;5;191m[f08da815][0m[38;5;-107m[AndroidUiautomator2Driver@c97e][0m Got response with status 200: {"sessionId":"4fab0431-fe47-4962-adcf-c5024cfb175f","value":{"ELEMENT":"00000000-0000-0816-ffff-ffff00000022","element-6066-11e4-a52e-4f735466cecf":"00000000-0000-0816-ffff-ffff00000022"}}
[38;5;191m[f08da815][0m[38;5;-107m[AndroidUiautomator2Driver@c97e][0m Responding to client with driver.findElement() result: {"element-6066-11e4-a52e-4f735466cecf":"00000000-0000-0816-ffff-ffff00000022","ELEMENT":"00000000-0000-0816-ffff-ffff00000022"}
[38;5;191m[f08da815][0m[38;5;86m[HTTP][0m [37m<-- POST /session/f08da815-435b-4795-b7fa-063fe724030c/element [39m[32m200[39m [90m608 ms - 137[39m [90m[39m
[38;5;191m[f08da815][0m[38;5;86m[HTTP][0m [37m-->[39m [37mPOST[39m [37m/session/f08da815-435b-4795-b7fa-063fe724030c/element/00000000-0000-0816-ffff-ffff00000022/click[39m [90m{}[39m
[38;5;191m[f08da815][0m[38;5;-107m[AndroidUiautomator2Driver@c97e][0m Calling AppiumDriver.click() with args: ["00000000-0000-0816-ffff-ffff00000022","f08da815-435b-4795-b7fa-063fe724030c"]
[38;5;191m[f08da815][0m[38;5;-107m[AndroidUiautomator2Driver@c97e][0m Matched '/element/00000000-0000-0816-ffff-ffff00000022/click' to command name 'click'
[38;5;191m[f08da815][0m[38;5;-107m[AndroidUiautomator2Driver@c97e][0m Proxying [POST /element/00000000-0000-0816-ffff-ffff00000022/click] to [POST http://127.0.0.1:8200/session/4fab0431-fe47-4962-adcf-c5024cfb175f/element/00000000-0000-0816-ffff-ffff00000022/click] with body: {"element":"00000000-0000-0816-ffff-ffff00000022"}
[38;5;191m[f08da815][0m[38;5;-107m[AndroidUiautomator2Driver@c97e][0m Got response with status 200: {"sessionId":"4fab0431-fe47-4962-adcf-c5024cfb175f","value":null}
[38;5;191m[f08da815][0m[38;5;-107m[AndroidUiautomator2Driver@c97e][0m Responding to client with driver.click() result: null
[38;5;191m[f08da815][0m[38;5;86m[HTTP][0m [37m<-- POST /session/f08da815-435b-4795-b7fa-063fe724030c/element/00000000-0000-0816-ffff-ffff00000022/click [39m[32m200[39m [90m81 ms - 14[39m [90m[39m
[38;5;191m[f08da815][0m[38;5;86m[HTTP][0m [37m-->[39m [37mPOST[39m [37m/session/f08da815-435b-4795-b7fa-063fe724030c/elements[39m [90m{"using":"id","value":"ItemRow"}[39m
[38;5;191m[f08da815][0m[38;5;-107m[AndroidUiautomator2Driver@c97e][0m Calling AppiumDriver.findElements() with args: ["id","ItemRow","f08da815-435b-4795-b7fa-063fe724030c"]
[38;5;191m[f08da815][0m[38;5;-107m[AndroidUiautomator2Driver@c97e][0m Valid locator strategies for this request: xpath, id, class name, accessibility id, css selector, -android uiautomator
[38;5;191m[f08da815][0m[38;5;-107m[AndroidUiautomator2Driver@c97e][0m Waiting up to 0 ms for condition
[38;5;191m[f08da815][0m[38;5;-107m[AndroidUiautomator2Driver@c97e][0m Matched '/elements' to command name 'findElements'
[38;5;191m[f08da815][0m[38;5;-107m[AndroidUiautomator2Driver@c97e][0m Proxying [POST /elements] to [POST http://127.0.0.1:8200/session/4fab0431-fe47-4962-adcf-c5024cfb175f/elements] with body: {"strategy":"id","selector":"ItemRow","context":"","multiple":true}
[38;5;191m[f08da815][0m[38;5;-107m[AndroidUiautomator2Driver@c97e][0m Got response with status 200: {"sessionId":"4fab0431-fe47-4962-adcf-c5024cfb175f","value":[{"ELEMENT":"00000000-0000-0816-ffff-ffff00000028","element-6066-11e4-a52e-4f735466cecf":"00000000-0000-0816-ffff-ffff00000028"}]}
[38;5;191m[f08da815][0m[38;5;-107m[AndroidUiautomator2Driver@c97e][0m Responding to client with driver.findElements() result: [{"element-6066-11e4-a52e-4f735466cecf":"00000000-0000-0816-ffff-ffff00000028","ELEMENT":"00000000-0000-0816-ffff-ffff00000028"}]
[38;5;191m[f08da815][0m[38;5;86m[HTTP][0m [37m<-- POST /session/f08da815-435b-4795-b7fa-063fe724030c/elements [39m[32m200[39m [90m373 ms - 139[39m [90m[39m
[38;5;191m[f08da815][0m[38;5;86m[HTTP][0m [37m-->[39m [37mPOST[39m [37m/session/f08da815-435b-4795-b7fa-063fe724030c/elements[39m [90m{"using":"id","value":"ItemRow"}[39m
[38;5;191m[f08da815][0m[38;5;-107m[AndroidUiautomator2Driver@c97e][0m Calling AppiumDriver.findElements() with args: ["id","ItemRow","f08da815-435b-4795-b7fa-063fe724030c"]
[38;5;191m[f08da815][0m[38;5;-107m[AndroidUiautomator2Driver@c97e][0m Valid locator strategies for this request: xpath, id, class name, accessibility id, css selector, -android uiautomator
[38;5;191m[f08da815][0m[38;5;-107m[AndroidUiautomator2Driver@c97e][0m Waiting up to 0 ms for condition
[38;5;191m[f08da815][0m[38;5;-107m[AndroidUiautomator2Driver@c97e][0m Matched '/elements' to command name 'findElements'
[38;5;191m[f08da815][0m[38;5;-107m[AndroidUiautomator2Driver@c97e][0m Proxying [POST /elements] to [POST http://127.0.0.1:8200/session/4fab0431-fe47-4962-adcf-c5024cfb175f/elements] with body: {"strategy":"id","selector":"ItemRow","context":"","multiple":true}
[38;5;191m[f08da815][0m[38;5;-107m[AndroidUiautomator2Driver@c97e][0m Got response with status 200: {"sessionId":"4fab0431-fe47-4962-adcf-c5024cfb175f","value":[{"ELEMENT":"00000000-0000-0816-ffff-ffff00000028","element-6066-11e4-a52e-4f735466cecf":"00000000-0000-0816-ffff-ffff00000028"}]}
[38;5;191m[f08da815][0m[38;5;-107m[AndroidUiautomator2Driver@c97e][0m Responding to client with driver.findElements() result: [{"element-6066-11e4-a52e-4f735466cecf":"00000000-0000-0816-ffff-ffff00000028","ELEMENT":"00000000-0000-0816-ffff-ffff00000028"}]
[38;5;191m[f08da815][0m[38;5;86m[HTTP][0m [37m<-- POST /session/f08da815-435b-4795-b7fa-063fe724030c/elements [39m[32m200[39m [90m538 ms - 139[39m [90m[39m
[38;5;191m[f08da815][0m[38;5;86m[HTTP][0m [37m-->[39m [37mGET[39m [37m/session/f08da815-435b-4795-b7fa-063fe724030c/element/00000000-0000-0816-ffff-ffff00000028/displayed[39m [90m[39m
[38;5;191m[f08da815][0m[38;5;-107m[AndroidUiautomator2Driver@c97e][0m Calling AppiumDriver.elementDisplayed() with args: ["00000000-0000-0816-ffff-ffff00000028","f08da815-435b-4795-b7fa-063fe724030c"]
[38;5;191m[f08da815][0m[38;5;-107m[AndroidUiautomator2Driver@c97e][0m Matched '/element/00000000-0000-0816-ffff-ffff00000028/attribute/displayed' to command name 'getAttribute'
[38;5;191m[f08da815][0m[38;5;-107m[AndroidUiautomator2Driver@c97e][0m Proxying [GET /element/00000000-0000-0816-ffff-ffff00000028/attribute/displayed] to [GET http://127.0.0.1:8200/session/4fab0431-fe47-4962-adcf-c5024cfb175f/element/00000000-0000-0816-ffff-ffff00000028/attribute/displayed] with no body
[38;5;191m[f08da815][0m[38;5;-107m[AndroidUiautomator2Driver@c97e][0m Got response with status 200: {"sessionId":"4fab0431-fe47-4962-adcf-c5024cfb175f","value":"true"}
[38;5;191m[f08da815][0m[38;5;-107m[AndroidUiautomator2Driver@c97e][0m Responding to client with driver.elementDisplayed() result: true
[38;5;191m[f08da815][0m[38;5;86m[HTTP][0m [37m<-- GET /session/f08da815-435b-4795-b7fa-063fe724030c/element/00000000-0000-0816-ffff-ffff00000028/displayed [39m[32m200[39m [90m12 ms - 14[39m [90m[39m
[38;5;191m[f08da815][0m[38;5;86m[HTTP][0m [37m-->[39m [37mPOST[39m [37m/session/f08da815-435b-4795-b7fa-063fe724030c/element/00000000-0000-0816-ffff-ffff00000028/element[39m [90m{"using":"id","value":"ItemLabel"}[39m
[38;5;191m[f08da815][0m[38;5;-107m[AndroidUiautomator2Driver@c97e][0m Calling AppiumDriver.findElementFromElement() with args: ["id","ItemLabel","00000000-0000-0816-ffff-ffff00000028","f08da815-435b-4795-b7fa-063fe724030c"]
[38;5;191m[f08da815][0m[38;5;-107m[AndroidUiautomator2Driver@c97e][0m Valid locator strategies for this request: xpath, id, class name, accessibility id, css selector, -android uiautomator
[38;5;191m[f08da815][0m[38;5;-107m[AndroidUiautomator2Driver@c97e][0m Waiting up to 0 ms for condition
[38;5;191m[f08da815][0m[38;5;-107m[AndroidUiautomator2Driver@c97e][0m Matched '/element' to command name 'findElement'
[38;5;191m[f08da815][0m[38;5;-107m[AndroidUiautomator2Driver@c97e][0m Proxying [POST /element] to [POST http://127.0.0.1:8200/session/4fab0431-fe47-4962-adcf-c5024cfb175f/element] with body: {"strategy":"id","selector":"ItemLabel","context":"00000000-0000-0816-ffff-ffff00000028","multiple":false}
[38;5;191m[f08da815][0m[38;5;-107m[AndroidUiautomator2Driver@c97e][0m Got response with status 200: {"sessionId":"4fab0431-fe47-4962-adcf-c5024cfb175f","value":{"ELEMENT":"00000000-0000-0816-ffff-ffff0000002b","element-6066-11e4-a52e-4f735466cecf":"00000000-0000-0816-ffff-ffff0000002b"}}
[38;5;191m[f08da815][0m[38;5;-107m[AndroidUiautomator2Driver@c97e][0m Responding to client with driver.findElementFromElement() result: {"element-6066-11e4-a52e-4f735466cecf":"00000000-0000-0816-ffff-ffff0000002b","ELEMENT":"00000000-0000-0816-ffff-ffff0000002b"}
[38;5;191m[f08da815][0m[38;5;86m[HTTP][0m [37m<-- POST /session/f08da815-435b-4795-b7fa-063fe724030c/element/00000000-0000-0816-ffff-ffff00000028/element [39m[32m200[39m [90m18 ms - 137[39m [90m[39m
[38;5;191m[f08da815][0m[38;5;86m[HTTP][0m [37m-->[39m [37mGET[39m [37m/session/f08da815-435b-4795-b7fa-063fe724030c/element/00000000-0000-0816-ffff-ffff0000002b/text[39m [90m[39m
[38;5;191m[f08da815][0m[38;5;-107m[AndroidUiautomator2Driver@c97e][0m Driver proxy active, passing request on via HTTP proxy
[38;5;191m[f08da815][0m[38;5;-107m[AndroidUiautomator2Driver@c97e][0m Matched '/session/f08da815-435b-4795-b7fa-063fe724030c/element/00000000-0000-0816-ffff-ffff0000002b/text' to command name 'getText'
[38;5;191m[f08da815][0m[38;5;-107m[AndroidUiautomator2Driver@c97e][0m Proxying [GET /session/f08da815-435b-4795-b7fa-063fe724030c/element/00000000-0000-0816-ffff-ffff0000002b/text] to [GET http://127.0.0.1:8200/session/4fab0431-fe47-4962-adcf-c5024cfb175f/element/00000000-0000-0816-ffff-ffff0000002b/text] with no body
[38;5;191m[f08da815][0m[38;5;-107m[AndroidUiautomator2Driver@c97e][0m Got response with status 200: {"sessionId":"4fab0431-fe47-4962-adcf-c5024cfb175f","value":"Bananas"}
[38;5;191m[f08da815][0m[38;5;-107m[AndroidUiautomator2Driver@c97e][0m Replacing sessionId 4fab0431-fe47-4962-adcf-c5024cfb175f with f08da815-435b-4795-b7fa-063fe724030c
[38;5;191m[f08da815][0m[38;5;86m[HTTP][0m [37m<-- GET /session/f08da815-435b-4795-b7fa-063fe724030c/element/00000000-0000-0816-ffff-ffff0000002b/text [39m[32m200[39m [90m12 ms - 19[39m [90m[39m
[38;5;191m[f08da815][0m[38;5;86m[HTTP][0m [37m-->[39m [37mPOST[39m [37m/session/f08da815-435b-4795-b7fa-063fe724030c/element/00000000-0000-0816-ffff-ffff00000028/element[39m [90m{"using":"id","value":"ItemLabel"}[39m
[38;5;191m[f08da815][0m[38;5;-107m[AndroidUiautomator2Driver@c97e][0m Calling AppiumDriver.findElementFromElement() with args: ["id","ItemLabel","00000000-0000-0816-ffff-ffff00000028","f08da815-435b-4795-b7fa-063fe724030c"]
[38;5;191m[f08da815][0m[38;5;-107m[AndroidUiautomator2Driver@c97e][0m Valid locator strategies for this request: xpath, id, class name, accessibility id, css selector, -android uiautomator
[38;5;191m[f08da815][0m[38;5;-107m[AndroidUiautomator2Driver@c97e][0m Waiting up to 0 ms for condition
[38;5;191m[f08da815][0m[38;5;-107m[AndroidUiautomator2Driver@c97e][0m Matched '/element' to command name 'findElement'
[38;5;191m[f08da815][0m[38;5;-107m[AndroidUiautomator2Driver@c97e][0m Proxying [POST /element] to [POST http://127.0.0.1:8200/session/4fab0431-fe47-4962-adcf-c5024cfb175f/element] with body: {"strategy":"id","selector":"ItemLabel","context":"00000000-0000-0816-ffff-ffff00000028","multiple":false}
[38;5;191m[f08da815][0m[38;5;-107m[AndroidUiautomator2Driver@c97e][0m Got response with status 200: {"sessionId":"4fab0431-fe47-4962-adcf-c5024cfb175f","value":{"ELEMENT":"00000000-0000-0816-ffff-ffff0000002b","element-6066-11e4-a52e-4f735466cecf":"00000000-0000-0816-ffff-ffff0000002b"}}
[38;5;191m[f08da815][0m[38;5;-107m[AndroidUiautomator2Driver@c97e][0m Responding to client with driver.findElementFromElement() result: {"element-6066-11e4-a52e-4f735466cecf":"00000000-0000-0816-ffff-ffff0000002b","ELEMENT":"00000000-0000-0816-ffff-ffff0000002b"}
[38;5;191m[f08da815][0m[38;5;86m[HTTP][0m [37m<-- POST /session/f08da815-435b-4795-b7fa-063fe724030c/element/00000000-0000-0816-ffff-ffff00000028/element [39m[32m200[39m [90m13 ms - 137[39m [90m[39m
[38;5;191m[f08da815][0m[38;5;86m[HTTP][0m [37m-->[39m [37mGET[39m [37m/session/f08da815-435b-4795-b7fa-063fe724030c/element/00000000-0000-0816-ffff-ffff00000028/displayed[39m [90m[39m
[38;5;191m[f08da815][0m[38;5;-107m[AndroidUiautomator2Driver@c97e][0m Calling AppiumDriver.elementDisplayed() with args: ["00000000-0000-0816-ffff-ffff00000028","f08da815-435b-4795-b7fa-063fe724030c"]
[38;5;191m[f08da815][0m[38;5;-107m[AndroidUiautomator2Driver@c97e][0m Matched '/element/00000000-0000-0816-ffff-ffff00000028/attribute/displayed' to command name 'getAttribute'
[38;5;191m[f08da815][0m[38;5;-107m[AndroidUiautomator2Driver@c97e][0m Proxying [GET /element/00000000-0000-0816-ffff-ffff00000028/attribute/displayed] to [GET http://127.0.0.1:8200/session/4fab0431-fe47-4962-adcf-c5024cfb175f/element/00000000-0000-0816-ffff-ffff00000028/attribute/displayed] with no body
[38;5;191m[f08da815][0m[38;5;-107m[AndroidUiautomator2Driver@c97e][0m Got response with status 200: {"sessionId":"4fab0431-fe47-4962-adcf-c5024cfb175f","value":"true"}
[38;5;191m[f08da815][0m[38;5;-107m[AndroidUiautomator2Driver@c97e][0m Responding to client with driver.elementDisplayed() result: true
[38;5;191m[f08da815][0m[38;5;86m[HTTP][0m [37m<-- GET /session/f08da815-435b-4795-b7fa-063fe724030c/element/00000000-0000-0816-ffff-ffff00000028/displayed [39m[32m200[39m [90m11 ms - 14[39m [90m[39m
[38;5;191m[f08da815][0m[38;5;86m[HTTP][0m [37m-->[39m [37mPOST[39m [37m/session/f08da815-435b-4795-b7fa-063fe724030c/element/00000000-0000-0816-ffff-ffff00000028/click[39m [90m{}[39m
[38;5;191m[f08da815][0m[38;5;-107m[AndroidUiautomator2Driver@c97e][0m Calling AppiumDriver.click() with args: ["00000000-0000-0816-ffff-ffff00000028","f08da815-435b-4795-b7fa-063fe724030c"]
[38;5;191m[f08da815][0m[38;5;-107m[AndroidUiautomator2Driver@c97e][0m Matched '/element/00000000-0000-0816-ffff-ffff00000028/click' to command name 'click'
[38;5;191m[f08da815][0m[38;5;-107m[AndroidUiautomator2Driver@c97e][0m Proxying [POST /element/00000000-0000-0816-ffff-ffff00000028/click] to [POST http://127.0.0.1:8200/session/4fab0431-fe47-4962-adcf-c5024cfb175f/element/00000000-0000-0816-ffff-ffff00000028/click] with body: {"element":"00000000-0000-0816-ffff-ffff00000028"}
[38;5;191m[f08da815][0m[38;5;86m[HTTP][0m [37m-->[39m [37mPOST[39m [37m/session/f08da815-435b-4795-b7fa-063fe724030c/element[39m [90m{"using":"id","value":"ItemCategory"}[39m
[38;5;191m[f08da815][0m[38;5;-107m[AndroidUiautomator2Driver@c97e][0m Calling AppiumDriver.findElement() with args: ["id","ItemCategory","f08da815-435b-4795-b7fa-063fe724030c"]
[38;5;191m[f08da815][0m[38;5;-107m[AndroidUiautomator2Driver@c97e][0m Got response with status 200: {"sessionId":"4fab0431-fe47-4962-adcf-c5024cfb175f","value":null}
[38;5;191m[f08da815][0m[38;5;-107m[AndroidUiautomator2Driver@c97e][0m Valid locator strategies for this request: xpath, id, class name, accessibility id, css selector, -android uiautomator
[38;5;191m[f08da815][0m[38;5;-107m[AndroidUiautomator2Driver@c97e][0m Waiting up to 0 ms for condition
[38;5;191m[f08da815][0m[38;5;-107m[AndroidUiautomator2Driver@c97e][0m Matched '/element' to command name 'findElement'
[38;5;191m[f08da815][0m[38;5;-107m[AndroidUiautomator2Driver@c97e][0m Proxying [POST /element] to [POST http://127.0.0.1:8200/session/4fab0431-fe47-4962-adcf-c5024cfb175f/element] with body: {"strategy":"id","selector":"ItemCategory","context":"","multiple":false}
[38;5;191m[f08da815][0m[38;5;-107m[AndroidUiautomator2Driver@c97e][0m Responding to client with driver.click() result: null
[38;5;191m[f08da815][0m[38;5;86m[HTTP][0m [37m<-- POST /session/f08da815-435b-4795-b7fa-063fe724030c/element/00000000-0000-0816-ffff-ffff00000028/click [39m[32m200[39m [90m51 ms - 14[39m [90m[39m
[38;5;191m[f08da815][0m[38;5;-107m[AndroidUiautomator2Driver@c97e][0m Got response with status 404: {"sessionId":"4fab0431-fe47-4962-adcf-c5024cfb175f","value":{"error":"no such element","message":"An element could not be located on the page using the given search parameters","stacktrace":"io.appium.uiautomator2.common.exceptions.ElementNotFoundException: An element could not be located on the page using the given search parameters\n\tat io.appium.uiautomator2.handler.FindElement.safeHandle(FindElement.java:63)\n\tat io.appium.uiautomator2.handler.request.SafeRequestHandler.handle(SafeRequestHandler.java:59)\n\tat io.appium.uiautomator2.server.AppiumServlet.handleRequest(AppiumServlet.java:259)\n\tat io.appium.uiautomator2.server.AppiumServlet.handleHttpRequest(AppiumServlet.java:253)\n\tat io.appium.uiautomator2.http.ServerHandler.channelRead(ServerHandler.java:77)\n\tat io.netty.channel.AbstractChannelHandlerContext.invokeChannelRead(AbstractChannelHandlerContext.java:366)\n\tat io.netty.channel.AbstractChannelHandlerContext.invokeChannelRead(AbstractChannelHandlerContext.java:352)\n\tat io.netty.chann...
[38;5;191m[f08da815][0m[38;5;123m[W3C][0m Matched W3C error code 'no such element' to NoSuchElementError
[38;5;191m[f08da815][0m[38;5;-107m[AndroidUiautomator2Driver@c97e][0m Encountered internal error running command: NoSuchElementError: An element could not be located on the page using the given search parameters.
    at AndroidUiautomator2Driver.findElOrEls (C:\Users\karlt\.appium\node_modules\appium-uiautomator2-driver\node_modules\appium-android-driver\lib\commands\find.ts:86:11)
    at processTicksAndRejections (node:internal/process/task_queues:105:5)
    at AndroidUiautomator2Driver.findElOrElsWithProcessing (C:\Users\karlt\appium-js\node_modules\@appium\base-driver\lib\basedriver\commands\find.ts:60:12)
    at AndroidUiautomator2Driver.findElement (C:\Users\karlt\appium-js\node_modules\@appium\base-driver\lib\basedriver\commands\find.ts:75:12)
[38;5;191m[f08da815][0m[38;5;86m[HTTP][0m [37m<-- POST /session/f08da815-435b-4795-b7fa-063fe724030c/element [39m[33m404[39m [90m537 ms - 823[39m [90m[39m
[38;5;191m[f08da815][0m[38;5;86m[HTTP][0m [37m-->[39m [37mPOST[39m [37m/session/f08da815-435b-4795-b7fa-063fe724030c/element[39m [90m{"using":"id","value":"ItemCategory"}[39m
[38;5;191m[f08da815][0m[38;5;-107m[AndroidUiautomator2Driver@c97e][0m Calling AppiumDriver.findElement() with args: ["id","ItemCategory","f08da815-435b-4795-b7fa-063fe724030c"]
[38;5;191m[f08da815][0m[38;5;-107m[AndroidUiautomator2Driver@c97e][0m Valid locator strategies for this request: xpath, id, class name, accessibility id, css selector, -android uiautomator
[38;5;191m[f08da815][0m[38;5;-107m[AndroidUiautomator2Driver@c97e][0m Waiting up to 0 ms for condition
[38;5;191m[f08da815][0m[38;5;-107m[AndroidUiautomator2Driver@c97e][0m Matched '/element' to command name 'findElement'
[38;5;191m[f08da815][0m[38;5;-107m[AndroidUiautomator2Driver@c97e][0m Proxying [POST /element] to [POST http://127.0.0.1:8200/session/4fab0431-fe47-4962-adcf-c5024cfb175f/element] with body: {"strategy":"id","selector":"ItemCategory","context":"","multiple":false}
[38;5;191m[f08da815][0m[38;5;-107m[AndroidUiautomator2Driver@c97e][0m Got response with status 200: {"sessionId":"4fab0431-fe47-4962-adcf-c5024cfb175f","value":{"ELEMENT":"00000000-0000-0816-ffff-ffff00000039","element-6066-11e4-a52e-4f735466cecf":"00000000-0000-0816-ffff-ffff00000039"}}
[38;5;191m[f08da815][0m[38;5;-107m[AndroidUiautomator2Driver@c97e][0m Responding to client with driver.findElement() result: {"element-6066-11e4-a52e-4f735466cecf":"00000000-0000-0816-ffff-ffff00000039","ELEMENT":"00000000-0000-0816-ffff-ffff00000039"}
[38;5;191m[f08da815][0m[38;5;86m[HTTP][0m [37m<-- POST /session/f08da815-435b-4795-b7fa-063fe724030c/element [39m[32m200[39m [90m728 ms - 137[39m [90m[39m
[38;5;191m[f08da815][0m[38;5;86m[HTTP][0m [37m-->[39m [37mGET[39m [37m/session/f08da815-435b-4795-b7fa-063fe724030c/element/00000000-0000-0816-ffff-ffff00000039/displayed[39m [90m[39m
[38;5;191m[f08da815][0m[38;5;-107m[AndroidUiautomator2Driver@c97e][0m Calling AppiumDriver.elementDisplayed() with args: ["00000000-0000-0816-ffff-ffff00000039","f08da815-435b-4795-b7fa-063fe724030c"]
[38;5;191m[f08da815][0m[38;5;-107m[AndroidUiautomator2Driver@c97e][0m Matched '/element/00000000-0000-0816-ffff-ffff00000039/attribute/displayed' to command name 'getAttribute'
[38;5;191m[f08da815][0m[38;5;-107m[AndroidUiautomator2Driver@c97e][0m Proxying [GET /element/00000000-0000-0816-ffff-ffff00000039/attribute/displayed] to [GET http://127.0.0.1:8200/session/4fab0431-fe47-4962-adcf-c5024cfb175f/element/00000000-0000-0816-ffff-ffff00000039/attribute/displayed] with no body
[38;5;191m[f08da815][0m[38;5;-107m[AndroidUiautomator2Driver@c97e][0m Got response with status 200: {"sessionId":"4fab0431-fe47-4962-adcf-c5024cfb175f","value":"true"}
[38;5;191m[f08da815][0m[38;5;-107m[AndroidUiautomator2Driver@c97e][0m Responding to client with driver.elementDisplayed() result: true
[38;5;191m[f08da815][0m[38;5;86m[HTTP][0m [37m<-- GET /session/f08da815-435b-4795-b7fa-063fe724030c/element/00000000-0000-0816-ffff-ffff00000039/displayed [39m[32m200[39m [90m15 ms - 14[39m [90m[39m
[38;5;191m[f08da815][0m[38;5;86m[HTTP][0m [37m-->[39m [37mPOST[39m [37m/session/f08da815-435b-4795-b7fa-063fe724030c/element[39m [90m{"using":"id","value":"ItemCategory"}[39m
[38;5;191m[f08da815][0m[38;5;-107m[AndroidUiautomator2Driver@c97e][0m Calling AppiumDriver.findElement() with args: ["id","ItemCategory","f08da815-435b-4795-b7fa-063fe724030c"]
[38;5;191m[f08da815][0m[38;5;-107m[AndroidUiautomator2Driver@c97e][0m Valid locator strategies for this request: xpath, id, class name, accessibility id, css selector, -android uiautomator
[38;5;191m[f08da815][0m[38;5;-107m[AndroidUiautomator2Driver@c97e][0m Waiting up to 0 ms for condition
[38;5;191m[f08da815][0m[38;5;-107m[AndroidUiautomator2Driver@c97e][0m Matched '/element' to command name 'findElement'
[38;5;191m[f08da815][0m[38;5;-107m[AndroidUiautomator2Driver@c97e][0m Proxying [POST /element] to [POST http://127.0.0.1:8200/session/4fab0431-fe47-4962-adcf-c5024cfb175f/element] with body: {"strategy":"id","selector":"ItemCategory","context":"","multiple":false}
[38;5;191m[f08da815][0m[38;5;-107m[AndroidUiautomator2Driver@c97e][0m Got response with status 200: {"sessionId":"4fab0431-fe47-4962-adcf-c5024cfb175f","value":{"ELEMENT":"00000000-0000-0816-ffff-ffff00000039","element-6066-11e4-a52e-4f735466cecf":"00000000-0000-0816-ffff-ffff00000039"}}
[38;5;191m[f08da815][0m[38;5;-107m[AndroidUiautomator2Driver@c97e][0m Responding to client with driver.findElement() result: {"element-6066-11e4-a52e-4f735466cecf":"00000000-0000-0816-ffff-ffff00000039","ELEMENT":"00000000-0000-0816-ffff-ffff00000039"}
[38;5;191m[f08da815][0m[38;5;86m[HTTP][0m [37m<-- POST /session/f08da815-435b-4795-b7fa-063fe724030c/element [39m[32m200[39m [90m20 ms - 137[39m [90m[39m
[38;5;191m[f08da815][0m[38;5;86m[HTTP][0m [37m-->[39m [37mPOST[39m [37m/session/f08da815-435b-4795-b7fa-063fe724030c/element/00000000-0000-0816-ffff-ffff00000039/click[39m [90m{}[39m
[38;5;191m[f08da815][0m[38;5;-107m[AndroidUiautomator2Driver@c97e][0m Calling AppiumDriver.click() with args: ["00000000-0000-0816-ffff-ffff00000039","f08da815-435b-4795-b7fa-063fe724030c"]
[38;5;191m[f08da815][0m[38;5;-107m[AndroidUiautomator2Driver@c97e][0m Matched '/element/00000000-0000-0816-ffff-ffff00000039/click' to command name 'click'
[38;5;191m[f08da815][0m[38;5;-107m[AndroidUiautomator2Driver@c97e][0m Proxying [POST /element/00000000-0000-0816-ffff-ffff00000039/click] to [POST http://127.0.0.1:8200/session/4fab0431-fe47-4962-adcf-c5024cfb175f/element/00000000-0000-0816-ffff-ffff00000039/click] with body: {"element":"00000000-0000-0816-ffff-ffff00000039"}
[38;5;191m[f08da815][0m[38;5;-107m[AndroidUiautomator2Driver@c97e][0m Got response with status 200: {"sessionId":"4fab0431-fe47-4962-adcf-c5024cfb175f","value":null}
[38;5;191m[f08da815][0m[38;5;-107m[AndroidUiautomator2Driver@c97e][0m Responding to client with driver.click() result: null
[38;5;191m[f08da815][0m[38;5;86m[HTTP][0m [37m<-- POST /session/f08da815-435b-4795-b7fa-063fe724030c/element/00000000-0000-0816-ffff-ffff00000039/click [39m[32m200[39m [90m67 ms - 14[39m [90m[39m
[38;5;191m[f08da815][0m[38;5;86m[HTTP][0m [37m-->[39m [37mPOST[39m [37m/session/f08da815-435b-4795-b7fa-063fe724030c/element[39m [90m{"using":"id","value":"android:id/text1"}[39m
[38;5;191m[f08da815][0m[38;5;-107m[AndroidUiautomator2Driver@c97e][0m Calling AppiumDriver.findElement() with args: ["id","android:id/text1","f08da815-435b-4795-b7fa-063fe724030c"]
[38;5;191m[f08da815][0m[38;5;-107m[AndroidUiautomator2Driver@c97e][0m Valid locator strategies for this request: xpath, id, class name, accessibility id, css selector, -android uiautomator
[38;5;191m[f08da815][0m[38;5;-107m[AndroidUiautomator2Driver@c97e][0m Waiting up to 0 ms for condition
[38;5;191m[f08da815][0m[38;5;-107m[AndroidUiautomator2Driver@c97e][0m Matched '/element' to command name 'findElement'
[38;5;191m[f08da815][0m[38;5;-107m[AndroidUiautomator2Driver@c97e][0m Proxying [POST /element] to [POST http://127.0.0.1:8200/session/4fab0431-fe47-4962-adcf-c5024cfb175f/element] with body: {"strategy":"id","selector":"android:id/text1","context":"","multiple":false}
[38;5;191m[f08da815][0m[38;5;-107m[AndroidUiautomator2Driver@c97e][0m Got response with status 404: {"sessionId":"4fab0431-fe47-4962-adcf-c5024cfb175f","value":{"error":"no such element","message":"An element could not be located on the page using the given search parameters","stacktrace":"io.appium.uiautomator2.common.exceptions.ElementNotFoundException: An element could not be located on the page using the given search parameters\n\tat io.appium.uiautomator2.handler.FindElement.safeHandle(FindElement.java:63)\n\tat io.appium.uiautomator2.handler.request.SafeRequestHandler.handle(SafeRequestHandler.java:59)\n\tat io.appium.uiautomator2.server.AppiumServlet.handleRequest(AppiumServlet.java:259)\n\tat io.appium.uiautomator2.server.AppiumServlet.handleHttpRequest(AppiumServlet.java:253)\n\tat io.appium.uiautomator2.http.ServerHandler.channelRead(ServerHandler.java:77)\n\tat io.netty.channel.AbstractChannelHandlerContext.invokeChannelRead(AbstractChannelHandlerContext.java:366)\n\tat io.netty.channel.AbstractChannelHandlerContext.invokeChannelRead(AbstractChannelHandlerContext.java:352)\n\tat io.netty.chann...
[38;5;191m[f08da815][0m[38;5;123m[W3C][0m Matched W3C error code 'no such element' to NoSuchElementError
[38;5;191m[f08da815][0m[38;5;-107m[AndroidUiautomator2Driver@c97e][0m Encountered internal error running command: NoSuchElementError: An element could not be located on the page using the given search parameters.
    at AndroidUiautomator2Driver.findElOrEls (C:\Users\karlt\.appium\node_modules\appium-uiautomator2-driver\node_modules\appium-android-driver\lib\commands\find.ts:86:11)
    at processTicksAndRejections (node:internal/process/task_queues:105:5)
    at AndroidUiautomator2Driver.findElOrElsWithProcessing (C:\Users\karlt\appium-js\node_modules\@appium\base-driver\lib\basedriver\commands\find.ts:60:12)
    at AndroidUiautomator2Driver.findElement (C:\Users\karlt\appium-js\node_modules\@appium\base-driver\lib\basedriver\commands\find.ts:75:12)
[38;5;191m[f08da815][0m[38;5;86m[HTTP][0m [37m<-- POST /session/f08da815-435b-4795-b7fa-063fe724030c/element [39m[33m404[39m [90m269 ms - 823[39m [90m[39m
[38;5;191m[f08da815][0m[38;5;86m[HTTP][0m [37m-->[39m [37mPOST[39m [37m/session/f08da815-435b-4795-b7fa-063fe724030c/element[39m [90m{"using":"id","value":"android:id/text1"}[39m
[38;5;191m[f08da815][0m[38;5;-107m[AndroidUiautomator2Driver@c97e][0m Calling AppiumDriver.findElement() with args: ["id","android:id/text1","f08da815-435b-4795-b7fa-063fe724030c"]
[38;5;191m[f08da815][0m[38;5;-107m[AndroidUiautomator2Driver@c97e][0m Valid locator strategies for this request: xpath, id, class name, accessibility id, css selector, -android uiautomator
[38;5;191m[f08da815][0m[38;5;-107m[AndroidUiautomator2Driver@c97e][0m Waiting up to 0 ms for condition
[38;5;191m[f08da815][0m[38;5;-107m[AndroidUiautomator2Driver@c97e][0m Matched '/element' to command name 'findElement'
[38;5;191m[f08da815][0m[38;5;-107m[AndroidUiautomator2Driver@c97e][0m Proxying [POST /element] to [POST http://127.0.0.1:8200/session/4fab0431-fe47-4962-adcf-c5024cfb175f/element] with body: {"strategy":"id","selector":"android:id/text1","context":"","multiple":false}
[38;5;191m[f08da815][0m[38;5;-107m[AndroidUiautomator2Driver@c97e][0m Got response with status 200: {"sessionId":"4fab0431-fe47-4962-adcf-c5024cfb175f","value":{"ELEMENT":"00000000-0000-0817-ffff-ffff0000005d","element-6066-11e4-a52e-4f735466cecf":"00000000-0000-0817-ffff-ffff0000005d"}}
[38;5;191m[f08da815][0m[38;5;-107m[AndroidUiautomator2Driver@c97e][0m Responding to client with driver.findElement() result: {"element-6066-11e4-a52e-4f735466cecf":"00000000-0000-0817-ffff-ffff0000005d","ELEMENT":"00000000-0000-0817-ffff-ffff0000005d"}
[38;5;191m[f08da815][0m[38;5;86m[HTTP][0m [37m<-- POST /session/f08da815-435b-4795-b7fa-063fe724030c/element [39m[32m200[39m [90m587 ms - 137[39m [90m[39m
[38;5;191m[f08da815][0m[38;5;86m[HTTP][0m [37m-->[39m [37mGET[39m [37m/session/f08da815-435b-4795-b7fa-063fe724030c/element/00000000-0000-0817-ffff-ffff0000005d/displayed[39m [90m[39m
[38;5;191m[f08da815][0m[38;5;-107m[AndroidUiautomator2Driver@c97e][0m Calling AppiumDriver.elementDisplayed() with args: ["00000000-0000-0817-ffff-ffff0000005d","f08da815-435b-4795-b7fa-063fe724030c"]
[38;5;191m[f08da815][0m[38;5;-107m[AndroidUiautomator2Driver@c97e][0m Matched '/element/00000000-0000-0817-ffff-ffff0000005d/attribute/displayed' to command name 'getAttribute'
[38;5;191m[f08da815][0m[38;5;-107m[AndroidUiautomator2Driver@c97e][0m Proxying [GET /element/00000000-0000-0817-ffff-ffff0000005d/attribute/displayed] to [GET http://127.0.0.1:8200/session/4fab0431-fe47-4962-adcf-c5024cfb175f/element/00000000-0000-0817-ffff-ffff0000005d/attribute/displayed] with no body
[38;5;191m[f08da815][0m[38;5;-107m[AndroidUiautomator2Driver@c97e][0m Got response with status 200: {"sessionId":"4fab0431-fe47-4962-adcf-c5024cfb175f","value":"true"}
[38;5;191m[f08da815][0m[38;5;-107m[AndroidUiautomator2Driver@c97e][0m Responding to client with driver.elementDisplayed() result: true
[38;5;191m[f08da815][0m[38;5;86m[HTTP][0m [37m<-- GET /session/f08da815-435b-4795-b7fa-063fe724030c/element/00000000-0000-0817-ffff-ffff0000005d/displayed [39m[32m200[39m [90m15 ms - 14[39m [90m[39m
[38;5;191m[f08da815][0m[38;5;86m[HTTP][0m [37m-->[39m [37mPOST[39m [37m/session/f08da815-435b-4795-b7fa-063fe724030c/element[39m [90m{"using":"id","value":"android:id/text1"}[39m
[38;5;191m[f08da815][0m[38;5;-107m[AndroidUiautomator2Driver@c97e][0m Calling AppiumDriver.findElement() with args: ["id","android:id/text1","f08da815-435b-4795-b7fa-063fe724030c"]
[38;5;191m[f08da815][0m[38;5;-107m[AndroidUiautomator2Driver@c97e][0m Valid locator strategies for this request: xpath, id, class name, accessibility id, css selector, -android uiautomator
[38;5;191m[f08da815][0m[38;5;-107m[AndroidUiautomator2Driver@c97e][0m Waiting up to 0 ms for condition
[38;5;191m[f08da815][0m[38;5;-107m[AndroidUiautomator2Driver@c97e][0m Matched '/element' to command name 'findElement'
[38;5;191m[f08da815][0m[38;5;-107m[AndroidUiautomator2Driver@c97e][0m Proxying [POST /element] to [POST http://127.0.0.1:8200/session/4fab0431-fe47-4962-adcf-c5024cfb175f/element] with body: {"strategy":"id","selector":"android:id/text1","context":"","multiple":false}
[38;5;191m[f08da815][0m[38;5;-107m[AndroidUiautomator2Driver@c97e][0m Got response with status 200: {"sessionId":"4fab0431-fe47-4962-adcf-c5024cfb175f","value":{"ELEMENT":"00000000-0000-0817-ffff-ffff0000005d","element-6066-11e4-a52e-4f735466cecf":"00000000-0000-0817-ffff-ffff0000005d"}}
[38;5;191m[f08da815][0m[38;5;-107m[AndroidUiautomator2Driver@c97e][0m Responding to client with driver.findElement() result: {"element-6066-11e4-a52e-4f735466cecf":"00000000-0000-0817-ffff-ffff0000005d","ELEMENT":"00000000-0000-0817-ffff-ffff0000005d"}
[38;5;191m[f08da815][0m[38;5;86m[HTTP][0m [37m<-- POST /session/f08da815-435b-4795-b7fa-063fe724030c/element [39m[32m200[39m [90m13 ms - 137[39m [90m[39m
[38;5;191m[f08da815][0m[38;5;86m[HTTP][0m [37m-->[39m [37mPOST[39m [37m/session/f08da815-435b-4795-b7fa-063fe724030c/element/00000000-0000-0817-ffff-ffff0000005d/click[39m [90m{}[39m
[38;5;191m[f08da815][0m[38;5;-107m[AndroidUiautomator2Driver@c97e][0m Calling AppiumDriver.click() with args: ["00000000-0000-0817-ffff-ffff0000005d","f08da815-435b-4795-b7fa-063fe724030c"]
[38;5;191m[f08da815][0m[38;5;-107m[AndroidUiautomator2Driver@c97e][0m Matched '/element/00000000-0000-0817-ffff-ffff0000005d/click' to command name 'click'
[38;5;191m[f08da815][0m[38;5;-107m[AndroidUiautomator2Driver@c97e][0m Proxying [POST /element/00000000-0000-0817-ffff-ffff0000005d/click] to [POST http://127.0.0.1:8200/session/4fab0431-fe47-4962-adcf-c5024cfb175f/element/00000000-0000-0817-ffff-ffff0000005d/click] with body: {"element":"00000000-0000-0817-ffff-ffff0000005d"}
[38;5;191m[f08da815][0m[38;5;-107m[AndroidUiautomator2Driver@c97e][0m Got response with status 200: {"sessionId":"4fab0431-fe47-4962-adcf-c5024cfb175f","value":null}
[38;5;191m[f08da815][0m[38;5;-107m[AndroidUiautomator2Driver@c97e][0m Responding to client with driver.click() result: null
[38;5;191m[f08da815][0m[38;5;86m[HTTP][0m [37m<-- POST /session/f08da815-435b-4795-b7fa-063fe724030c/element/00000000-0000-0817-ffff-ffff0000005d/click [39m[32m200[39m [90m645 ms - 14[39m [90m[39m
[38;5;191m[f08da815][0m[38;5;86m[HTTP][0m [37m-->[39m [37mPOST[39m [37m/session/f08da815-435b-4795-b7fa-063fe724030c/element[39m [90m{"using":"id","value":"ItemQuantity"}[39m
[38;5;191m[f08da815][0m[38;5;-107m[AndroidUiautomator2Driver@c97e][0m Calling AppiumDriver.findElement() with args: ["id","ItemQuantity","f08da815-435b-4795-b7fa-063fe724030c"]
[38;5;191m[f08da815][0m[38;5;-107m[AndroidUiautomator2Driver@c97e][0m Valid locator strategies for this request: xpath, id, class name, accessibility id, css selector, -android uiautomator
[38;5;191m[f08da815][0m[38;5;-107m[AndroidUiautomator2Driver@c97e][0m Waiting up to 0 ms for condition
[38;5;191m[f08da815][0m[38;5;-107m[AndroidUiautomator2Driver@c97e][0m Matched '/element' to command name 'findElement'
[38;5;191m[f08da815][0m[38;5;-107m[AndroidUiautomator2Driver@c97e][0m Proxying [POST /element] to [POST http://127.0.0.1:8200/session/4fab0431-fe47-4962-adcf-c5024cfb175f/element] with body: {"strategy":"id","selector":"ItemQuantity","context":"","multiple":false}
[38;5;191m[f08da815][0m[38;5;-107m[AndroidUiautomator2Driver@c97e][0m Got response with status 200: {"sessionId":"4fab0431-fe47-4962-adcf-c5024cfb175f","value":{"ELEMENT":"00000000-0000-0816-ffff-ffff0000003c","element-6066-11e4-a52e-4f735466cecf":"00000000-0000-0816-ffff-ffff0000003c"}}
[38;5;191m[f08da815][0m[38;5;-107m[AndroidUiautomator2Driver@c97e][0m Responding to client with driver.findElement() result: {"element-6066-11e4-a52e-4f735466cecf":"00000000-0000-0816-ffff-ffff0000003c","ELEMENT":"00000000-0000-0816-ffff-ffff0000003c"}
[38;5;191m[f08da815][0m[38;5;86m[HTTP][0m [37m<-- POST /session/f08da815-435b-4795-b7fa-063fe724030c/element [39m[32m200[39m [90m22 ms - 137[39m [90m[39m
[38;5;191m[f08da815][0m[38;5;86m[HTTP][0m [37m-->[39m [37mGET[39m [37m/session/f08da815-435b-4795-b7fa-063fe724030c/element/00000000-0000-0816-ffff-ffff0000003c/displayed[39m [90m[39m
[38;5;191m[f08da815][0m[38;5;-107m[AndroidUiautomator2Driver@c97e][0m Calling AppiumDriver.elementDisplayed() with args: ["00000000-0000-0816-ffff-ffff0000003c","f08da815-435b-4795-b7fa-063fe724030c"]
[38;5;191m[f08da815][0m[38;5;-107m[AndroidUiautomator2Driver@c97e][0m Matched '/element/00000000-0000-0816-ffff-ffff0000003c/attribute/displayed' to command name 'getAttribute'
[38;5;191m[f08da815][0m[38;5;-107m[AndroidUiautomator2Driver@c97e][0m Proxying [GET /element/00000000-0000-0816-ffff-ffff0000003c/attribute/displayed] to [GET http://127.0.0.1:8200/session/4fab0431-fe47-4962-adcf-c5024cfb175f/element/00000000-0000-0816-ffff-ffff0000003c/attribute/displayed] with no body
[38;5;191m[f08da815][0m[38;5;-107m[AndroidUiautomator2Driver@c97e][0m Got response with status 200: {"sessionId":"4fab0431-fe47-4962-adcf-c5024cfb175f","value":"true"}
[38;5;191m[f08da815][0m[38;5;-107m[AndroidUiautomator2Driver@c97e][0m Responding to client with driver.elementDisplayed() result: true
[38;5;191m[f08da815][0m[38;5;86m[HTTP][0m [37m<-- GET /session/f08da815-435b-4795-b7fa-063fe724030c/element/00000000-0000-0816-ffff-ffff0000003c/displayed [39m[32m200[39m [90m12 ms - 14[39m [90m[39m
[38;5;191m[f08da815][0m[38;5;86m[HTTP][0m [37m-->[39m [37mGET[39m [37m/session/f08da815-435b-4795-b7fa-063fe724030c/element/00000000-0000-0816-ffff-ffff0000003c/rect[39m [90m[39m
[38;5;191m[f08da815][0m[38;5;-107m[AndroidUiautomator2Driver@c97e][0m Driver proxy active, passing request on via HTTP proxy
[38;5;191m[f08da815][0m[38;5;-107m[AndroidUiautomator2Driver@c97e][0m Matched '/session/f08da815-435b-4795-b7fa-063fe724030c/element/00000000-0000-0816-ffff-ffff0000003c/rect' to command name 'getElementRect'
[38;5;191m[f08da815][0m[38;5;-107m[AndroidUiautomator2Driver@c97e][0m Proxying [GET /session/f08da815-435b-4795-b7fa-063fe724030c/element/00000000-0000-0816-ffff-ffff0000003c/rect] to [GET http://127.0.0.1:8200/session/4fab0431-fe47-4962-adcf-c5024cfb175f/element/00000000-0000-0816-ffff-ffff0000003c/rect] with no body
[38;5;191m[f08da815][0m[38;5;-107m[AndroidUiautomator2Driver@c97e][0m Got response with status 200: {"sessionId":"4fab0431-fe47-4962-adcf-c5024cfb175f","value":{"height":96,"width":1160,"x":60,"y":924}}
[38;5;191m[f08da815][0m[38;5;-107m[AndroidUiautomator2Driver@c97e][0m Replacing sessionId 4fab0431-fe47-4962-adcf-c5024cfb175f with f08da815-435b-4795-b7fa-063fe724030c
[38;5;191m[f08da815][0m[38;5;86m[HTTP][0m [37m<-- GET /session/f08da815-435b-4795-b7fa-063fe724030c/element/00000000-0000-0816-ffff-ffff0000003c/rect [39m[32m200[39m [90m11 ms - 51[39m [90m[39m
[38;5;191m[f08da815][0m[38;5;86m[HTTP][0m [37m-->[39m [37mGET[39m [37m/session/f08da815-435b-4795-b7fa-063fe724030c/element/00000000-0000-0816-ffff-ffff0000003c/rect[39m [90m[39m
[38;5;191m[f08da815][0m[38;5;-107m[AndroidUiautomator2Driver@c97e][0m Driver proxy active, passing request on via HTTP proxy
[38;5;191m[f08da815][0m[38;5;-107m[AndroidUiautomator2Driver@c97e][0m Matched '/session/f08da815-435b-4795-b7fa-063fe724030c/element/00000000-0000-0816-ffff-ffff0000003c/rect' to command name 'getElementRect'
[38;5;191m[f08da815][0m[38;5;-107m[AndroidUiautomator2Driver@c97e][0m Proxying [GET /session/f08da815-435b-4795-b7fa-063fe724030c/element/00000000-0000-0816-ffff-ffff0000003c/rect] to [GET http://127.0.0.1:8200/session/4fab0431-fe47-4962-adcf-c5024cfb175f/element/00000000-0000-0816-ffff-ffff0000003c/rect] with no body
[38;5;191m[f08da815][0m[38;5;-107m[AndroidUiautomator2Driver@c97e][0m Got response with status 200: {"sessionId":"4fab0431-fe47-4962-adcf-c5024cfb175f","value":{"height":96,"width":1160,"x":60,"y":924}}
[38;5;191m[f08da815][0m[38;5;-107m[AndroidUiautomator2Driver@c97e][0m Replacing sessionId 4fab0431-fe47-4962-adcf-c5024cfb175f with f08da815-435b-4795-b7fa-063fe724030c
[38;5;191m[f08da815][0m[38;5;86m[HTTP][0m [37m<-- GET /session/f08da815-435b-4795-b7fa-063fe724030c/element/00000000-0000-0816-ffff-ffff0000003c/rect [39m[32m200[39m [90m11 ms - 51[39m [90m[39m
[38;5;191m[f08da815][0m[38;5;86m[HTTP][0m [37m-->[39m [37mPOST[39m [37m/session/f08da815-435b-4795-b7fa-063fe724030c/execute/sync[39m [90m{"script":"mobile: clickGesture","args":[{"x":640,"y":972}]}[39m
[38;5;191m[f08da815][0m[38;5;-107m[AndroidUiautomator2Driver@c97e][0m Calling AppiumDriver.execute() with args: ["mobile: clickGesture",[{"x":640,"y":972}],"f08da815-435b-4795-b7fa-063fe724030c"]
[38;5;191m[f08da815][0m[38;5;-107m[AndroidUiautomator2Driver@c97e][0m Proxying [POST /appium/gestures/click] to [POST http://127.0.0.1:8200/session/4fab0431-fe47-4962-adcf-c5024cfb175f/appium/gestures/click] with body: {"offset":{"x":640,"y":972}}
[38;5;191m[f08da815][0m[38;5;-107m[AndroidUiautomator2Driver@c97e][0m Got response with status 200: {"sessionId":"4fab0431-fe47-4962-adcf-c5024cfb175f","value":null}
[38;5;191m[f08da815][0m[38;5;-107m[AndroidUiautomator2Driver@c97e][0m Responding to client with driver.execute() result: null
[38;5;191m[f08da815][0m[38;5;86m[HTTP][0m [37m<-- POST /session/f08da815-435b-4795-b7fa-063fe724030c/execute/sync [39m[32m200[39m [90m53 ms - 14[39m [90m[39m
[38;5;191m[f08da815][0m[38;5;86m[HTTP][0m [37m-->[39m [37mPOST[39m [37m/session/f08da815-435b-4795-b7fa-063fe724030c/element[39m [90m{"using":"id","value":"ItemPrice"}[39m
[38;5;191m[f08da815][0m[38;5;-107m[AndroidUiautomator2Driver@c97e][0m Calling AppiumDriver.findElement() with args: ["id","ItemPrice","f08da815-435b-4795-b7fa-063fe724030c"]
[38;5;191m[f08da815][0m[38;5;-107m[AndroidUiautomator2Driver@c97e][0m Valid locator strategies for this request: xpath, id, class name, accessibility id, css selector, -android uiautomator
[38;5;191m[f08da815][0m[38;5;-107m[AndroidUiautomator2Driver@c97e][0m Waiting up to 0 ms for condition
[38;5;191m[f08da815][0m[38;5;-107m[AndroidUiautomator2Driver@c97e][0m Matched '/element' to command name 'findElement'
[38;5;191m[f08da815][0m[38;5;-107m[AndroidUiautomator2Driver@c97e][0m Proxying [POST /element] to [POST http://127.0.0.1:8200/session/4fab0431-fe47-4962-adcf-c5024cfb175f/element] with body: {"strategy":"id","selector":"ItemPrice","context":"","multiple":false}
[38;5;191m[f08da815][0m[38;5;-107m[AndroidUiautomator2Driver@c97e][0m Got response with status 200: {"sessionId":"4fab0431-fe47-4962-adcf-c5024cfb175f","value":{"ELEMENT":"00000000-0000-0816-ffff-ffff0000003e","element-6066-11e4-a52e-4f735466cecf":"00000000-0000-0816-ffff-ffff0000003e"}}
[38;5;191m[f08da815][0m[38;5;-107m[AndroidUiautomator2Driver@c97e][0m Responding to client with driver.findElement() result: {"element-6066-11e4-a52e-4f735466cecf":"00000000-0000-0816-ffff-ffff0000003e","ELEMENT":"00000000-0000-0816-ffff-ffff0000003e"}
[38;5;191m[f08da815][0m[38;5;86m[HTTP][0m [37m<-- POST /session/f08da815-435b-4795-b7fa-063fe724030c/element [39m[32m200[39m [90m33 ms - 137[39m [90m[39m
[38;5;191m[f08da815][0m[38;5;86m[HTTP][0m [37m-->[39m [37mGET[39m [37m/session/f08da815-435b-4795-b7fa-063fe724030c/element/00000000-0000-0816-ffff-ffff0000003e/displayed[39m [90m[39m
[38;5;191m[f08da815][0m[38;5;-107m[AndroidUiautomator2Driver@c97e][0m Calling AppiumDriver.elementDisplayed() with args: ["00000000-0000-0816-ffff-ffff0000003e","f08da815-435b-4795-b7fa-063fe724030c"]
[38;5;191m[f08da815][0m[38;5;-107m[AndroidUiautomator2Driver@c97e][0m Matched '/element/00000000-0000-0816-ffff-ffff0000003e/attribute/displayed' to command name 'getAttribute'
[38;5;191m[f08da815][0m[38;5;-107m[AndroidUiautomator2Driver@c97e][0m Proxying [GET /element/00000000-0000-0816-ffff-ffff0000003e/attribute/displayed] to [GET http://127.0.0.1:8200/session/4fab0431-fe47-4962-adcf-c5024cfb175f/element/00000000-0000-0816-ffff-ffff0000003e/attribute/displayed] with no body
[38;5;191m[f08da815][0m[38;5;-107m[AndroidUiautomator2Driver@c97e][0m Got response with status 200: {"sessionId":"4fab0431-fe47-4962-adcf-c5024cfb175f","value":"true"}
[38;5;191m[f08da815][0m[38;5;-107m[AndroidUiautomator2Driver@c97e][0m Responding to client with driver.elementDisplayed() result: true
[38;5;191m[f08da815][0m[38;5;86m[HTTP][0m [37m<-- GET /session/f08da815-435b-4795-b7fa-063fe724030c/element/00000000-0000-0816-ffff-ffff0000003e/displayed [39m[32m200[39m [90m581 ms - 14[39m [90m[39m
[38;5;191m[f08da815][0m[38;5;86m[HTTP][0m [37m-->[39m [37mPOST[39m [37m/session/f08da815-435b-4795-b7fa-063fe724030c/element[39m [90m{"using":"id","value":"ItemPrice"}[39m
[38;5;191m[f08da815][0m[38;5;-107m[AndroidUiautomator2Driver@c97e][0m Calling AppiumDriver.findElement() with args: ["id","ItemPrice","f08da815-435b-4795-b7fa-063fe724030c"]
[38;5;191m[f08da815][0m[38;5;-107m[AndroidUiautomator2Driver@c97e][0m Valid locator strategies for this request: xpath, id, class name, accessibility id, css selector, -android uiautomator
[38;5;191m[f08da815][0m[38;5;-107m[AndroidUiautomator2Driver@c97e][0m Waiting up to 0 ms for condition
[38;5;191m[f08da815][0m[38;5;-107m[AndroidUiautomator2Driver@c97e][0m Matched '/element' to command name 'findElement'
[38;5;191m[f08da815][0m[38;5;-107m[AndroidUiautomator2Driver@c97e][0m Proxying [POST /element] to [POST http://127.0.0.1:8200/session/4fab0431-fe47-4962-adcf-c5024cfb175f/element] with body: {"strategy":"id","selector":"ItemPrice","context":"","multiple":false}
[38;5;191m[f08da815][0m[38;5;-107m[AndroidUiautomator2Driver@c97e][0m Got response with status 200: {"sessionId":"4fab0431-fe47-4962-adcf-c5024cfb175f","value":{"ELEMENT":"00000000-0000-0816-ffff-ffff0000003e","element-6066-11e4-a52e-4f735466cecf":"00000000-0000-0816-ffff-ffff0000003e"}}
[38;5;191m[f08da815][0m[38;5;-107m[AndroidUiautomator2Driver@c97e][0m Responding to client with driver.findElement() result: {"element-6066-11e4-a52e-4f735466cecf":"00000000-0000-0816-ffff-ffff0000003e","ELEMENT":"00000000-0000-0816-ffff-ffff0000003e"}
[38;5;191m[f08da815][0m[38;5;86m[HTTP][0m [37m<-- POST /session/f08da815-435b-4795-b7fa-063fe724030c/element [39m[32m200[39m [90m32 ms - 137[39m [90m[39m
[38;5;191m[f08da815][0m[38;5;86m[HTTP][0m [37m-->[39m [37mPOST[39m [37m/session/f08da815-435b-4795-b7fa-063fe724030c/element/00000000-0000-0816-ffff-ffff0000003e/clear[39m [90m{}[39m
[38;5;191m[f08da815][0m[38;5;-107m[AndroidUiautomator2Driver@c97e][0m Calling AppiumDriver.clear() with args: ["00000000-0000-0816-ffff-ffff0000003e","f08da815-435b-4795-b7fa-063fe724030c"]
[38;5;191m[f08da815][0m[38;5;-107m[AndroidUiautomator2Driver@c97e][0m Matched '/element/00000000-0000-0816-ffff-ffff0000003e/clear' to command name 'clear'
[38;5;191m[f08da815][0m[38;5;-107m[AndroidUiautomator2Driver@c97e][0m Proxying [POST /element/00000000-0000-0816-ffff-ffff0000003e/clear] to [POST http://127.0.0.1:8200/session/4fab0431-fe47-4962-adcf-c5024cfb175f/element/00000000-0000-0816-ffff-ffff0000003e/clear] with body: {"elementId":"00000000-0000-0816-ffff-ffff0000003e"}
[38;5;191m[f08da815][0m[38;5;-107m[AndroidUiautomator2Driver@c97e][0m Got response with status 200: {"sessionId":"4fab0431-fe47-4962-adcf-c5024cfb175f","value":null}
[38;5;191m[f08da815][0m[38;5;-107m[AndroidUiautomator2Driver@c97e][0m Responding to client with driver.clear() result: null
[38;5;191m[f08da815][0m[38;5;86m[HTTP][0m [37m<-- POST /session/f08da815-435b-4795-b7fa-063fe724030c/element/00000000-0000-0816-ffff-ffff0000003e/clear [39m[32m200[39m [90m15 ms - 14[39m [90m[39m
[38;5;191m[f08da815][0m[38;5;86m[HTTP][0m [37m-->[39m [37mPOST[39m [37m/session/f08da815-435b-4795-b7fa-063fe724030c/element/00000000-0000-0816-ffff-ffff0000003e/value[39m [90m{"text":"1.50"}[39m
[38;5;191m[f08da815][0m[38;5;-107m[AndroidUiautomator2Driver@c97e][0m Calling AppiumDriver.setValue() with args: ["1.50","00000000-0000-0816-ffff-ffff0000003e","f08da815-435b-4795-b7fa-063fe724030c"]
[38;5;191m[f08da815][0m[38;5;-107m[AndroidUiautomator2Driver@c97e][0m Matched '/element/00000000-0000-0816-ffff-ffff0000003e/value' to command name 'setValue'
[38;5;191m[f08da815][0m[38;5;-107m[AndroidUiautomator2Driver@c97e][0m Added 'value' property to 'setValue' request body
[38;5;191m[f08da815][0m[38;5;-107m[AndroidUiautomator2Driver@c97e][0m Proxying [POST /element/00000000-0000-0816-ffff-ffff0000003e/value] to [POST http://127.0.0.1:8200/session/4fab0431-fe47-4962-adcf-c5024cfb175f/element/00000000-0000-0816-ffff-ffff0000003e/value] with body: {"elementId":"00000000-0000-0816-ffff-ffff0000003e","text":"1.50","replace":false,"value":["1",".","5","0"]}
[38;5;191m[f08da815][0m[38;5;-107m[AndroidUiautomator2Driver@c97e][0m Got response with status 200: {"sessionId":"4fab0431-fe47-4962-adcf-c5024cfb175f","value":null}
[38;5;191m[f08da815][0m[38;5;-107m[AndroidUiautomator2Driver@c97e][0m Responding to client with driver.setValue() result: null
[38;5;191m[f08da815][0m[38;5;86m[HTTP][0m [37m<-- POST /session/f08da815-435b-4795-b7fa-063fe724030c/element/00000000-0000-0816-ffff-ffff0000003e/value [39m[32m200[39m [90m510 ms - 14[39m [90m[39m
[38;5;191m[f08da815][0m[38;5;86m[HTTP][0m [37m-->[39m [37mPOST[39m [37m/session/f08da815-435b-4795-b7fa-063fe724030c/element[39m [90m{"using":"id","value":"ItemStock"}[39m
[38;5;191m[f08da815][0m[38;5;-107m[AndroidUiautomator2Driver@c97e][0m Calling AppiumDriver.findElement() with args: ["id","ItemStock","f08da815-435b-4795-b7fa-063fe724030c"]
[38;5;191m[f08da815][0m[38;5;-107m[AndroidUiautomator2Driver@c97e][0m Valid locator strategies for this request: xpath, id, class name, accessibility id, css selector, -android uiautomator
[38;5;191m[f08da815][0m[38;5;-107m[AndroidUiautomator2Driver@c97e][0m Waiting up to 0 ms for condition
[38;5;191m[f08da815][0m[38;5;-107m[AndroidUiautomator2Driver@c97e][0m Matched '/element' to command name 'findElement'
[38;5;191m[f08da815][0m[38;5;-107m[AndroidUiautomator2Driver@c97e][0m Proxying [POST /element] to [POST http://127.0.0.1:8200/session/4fab0431-fe47-4962-adcf-c5024cfb175f/element] with body: {"strategy":"id","selector":"ItemStock","context":"","multiple":false}
[38;5;191m[f08da815][0m[38;5;-107m[AndroidUiautomator2Driver@c97e][0m Got response with status 200: {"sessionId":"4fab0431-fe47-4962-adcf-c5024cfb175f","value":{"ELEMENT":"00000000-0000-0816-ffff-ffff00000045","element-6066-11e4-a52e-4f735466cecf":"00000000-0000-0816-ffff-ffff00000045"}}
[38;5;191m[f08da815][0m[38;5;-107m[AndroidUiautomator2Driver@c97e][0m Responding to client with driver.findElement() result: {"element-6066-11e4-a52e-4f735466cecf":"00000000-0000-0816-ffff-ffff00000045","ELEMENT":"00000000-0000-0816-ffff-ffff00000045"}
[38;5;191m[f08da815][0m[38;5;86m[HTTP][0m [37m<-- POST /session/f08da815-435b-4795-b7fa-063fe724030c/element [39m[32m200[39m [90m579 ms - 137[39m [90m[39m
[38;5;191m[f08da815][0m[38;5;86m[HTTP][0m [37m-->[39m [37mGET[39m [37m/session/f08da815-435b-4795-b7fa-063fe724030c/element/00000000-0000-0816-ffff-ffff00000045/displayed[39m [90m[39m
[38;5;191m[f08da815][0m[38;5;-107m[AndroidUiautomator2Driver@c97e][0m Calling AppiumDriver.elementDisplayed() with args: ["00000000-0000-0816-ffff-ffff00000045","f08da815-435b-4795-b7fa-063fe724030c"]
[38;5;191m[f08da815][0m[38;5;-107m[AndroidUiautomator2Driver@c97e][0m Matched '/element/00000000-0000-0816-ffff-ffff00000045/attribute/displayed' to command name 'getAttribute'
[38;5;191m[f08da815][0m[38;5;-107m[AndroidUiautomator2Driver@c97e][0m Proxying [GET /element/00000000-0000-0816-ffff-ffff00000045/attribute/displayed] to [GET http://127.0.0.1:8200/session/4fab0431-fe47-4962-adcf-c5024cfb175f/element/00000000-0000-0816-ffff-ffff00000045/attribute/displayed] with no body
[38;5;191m[f08da815][0m[38;5;-107m[AndroidUiautomator2Driver@c97e][0m Got response with status 200: {"sessionId":"4fab0431-fe47-4962-adcf-c5024cfb175f","value":"true"}
[38;5;191m[f08da815][0m[38;5;-107m[AndroidUiautomator2Driver@c97e][0m Responding to client with driver.elementDisplayed() result: true
[38;5;191m[f08da815][0m[38;5;86m[HTTP][0m [37m<-- GET /session/f08da815-435b-4795-b7fa-063fe724030c/element/00000000-0000-0816-ffff-ffff00000045/displayed [39m[32m200[39m [90m10 ms - 14[39m [90m[39m
[38;5;191m[f08da815][0m[38;5;86m[HTTP][0m [37m-->[39m [37mPOST[39m [37m/session/f08da815-435b-4795-b7fa-063fe724030c/element[39m [90m{"using":"id","value":"ItemStock"}[39m
[38;5;191m[f08da815][0m[38;5;-107m[AndroidUiautomator2Driver@c97e][0m Calling AppiumDriver.findElement() with args: ["id","ItemStock","f08da815-435b-4795-b7fa-063fe724030c"]
[38;5;191m[f08da815][0m[38;5;-107m[AndroidUiautomator2Driver@c97e][0m Valid locator strategies for this request: xpath, id, class name, accessibility id, css selector, -android uiautomator
[38;5;191m[f08da815][0m[38;5;-107m[AndroidUiautomator2Driver@c97e][0m Waiting up to 0 ms for condition
[38;5;191m[f08da815][0m[38;5;-107m[AndroidUiautomator2Driver@c97e][0m Matched '/element' to command name 'findElement'
[38;5;191m[f08da815][0m[38;5;-107m[AndroidUiautomator2Driver@c97e][0m Proxying [POST /element] to [POST http://127.0.0.1:8200/session/4fab0431-fe47-4962-adcf-c5024cfb175f/element] with body: {"strategy":"id","selector":"ItemStock","context":"","multiple":false}
[38;5;191m[f08da815][0m[38;5;-107m[AndroidUiautomator2Driver@c97e][0m Got response with status 200: {"sessionId":"4fab0431-fe47-4962-adcf-c5024cfb175f","value":{"ELEMENT":"00000000-0000-0816-ffff-ffff00000045","element-6066-11e4-a52e-4f735466cecf":"00000000-0000-0816-ffff-ffff00000045"}}
[38;5;191m[f08da815][0m[38;5;-107m[AndroidUiautomator2Driver@c97e][0m Responding to client with driver.findElement() result: {"element-6066-11e4-a52e-4f735466cecf":"00000000-0000-0816-ffff-ffff00000045","ELEMENT":"00000000-0000-0816-ffff-ffff00000045"}
[38;5;191m[f08da815][0m[38;5;86m[HTTP][0m [37m<-- POST /session/f08da815-435b-4795-b7fa-063fe724030c/element [39m[32m200[39m [90m26 ms - 137[39m [90m[39m
[38;5;191m[f08da815][0m[38;5;86m[HTTP][0m [37m-->[39m [37mPOST[39m [37m/session/f08da815-435b-4795-b7fa-063fe724030c/element/00000000-0000-0816-ffff-ffff00000045/click[39m [90m{}[39m
[38;5;191m[f08da815][0m[38;5;-107m[AndroidUiautomator2Driver@c97e][0m Calling AppiumDriver.click() with args: ["00000000-0000-0816-ffff-ffff00000045","f08da815-435b-4795-b7fa-063fe724030c"]
[38;5;191m[f08da815][0m[38;5;-107m[AndroidUiautomator2Driver@c97e][0m Matched '/element/00000000-0000-0816-ffff-ffff00000045/click' to command name 'click'
[38;5;191m[f08da815][0m[38;5;-107m[AndroidUiautomator2Driver@c97e][0m Proxying [POST /element/00000000-0000-0816-ffff-ffff00000045/click] to [POST http://127.0.0.1:8200/session/4fab0431-fe47-4962-adcf-c5024cfb175f/element/00000000-0000-0816-ffff-ffff00000045/click] with body: {"element":"00000000-0000-0816-ffff-ffff00000045"}
[38;5;191m[f08da815][0m[38;5;-107m[AndroidUiautomator2Driver@c97e][0m Got response with status 200: {"sessionId":"4fab0431-fe47-4962-adcf-c5024cfb175f","value":null}
[38;5;191m[f08da815][0m[38;5;-107m[AndroidUiautomator2Driver@c97e][0m Responding to client with driver.click() result: null
[38;5;191m[f08da815][0m[38;5;86m[HTTP][0m [37m<-- POST /session/f08da815-435b-4795-b7fa-063fe724030c/element/00000000-0000-0816-ffff-ffff00000045/click [39m[32m200[39m [90m75 ms - 14[39m [90m[39m
[38;5;191m[f08da815][0m[38;5;86m[HTTP][0m [37m-->[39m [37mPOST[39m [37m/session/f08da815-435b-4795-b7fa-063fe724030c/element[39m [90m{"using":"id","value":"ItemSupermarket"}[39m
[38;5;191m[f08da815][0m[38;5;-107m[AndroidUiautomator2Driver@c97e][0m Calling AppiumDriver.findElement() with args: ["id","ItemSupermarket","f08da815-435b-4795-b7fa-063fe724030c"]
[38;5;191m[f08da815][0m[38;5;-107m[AndroidUiautomator2Driver@c97e][0m Valid locator strategies for this request: xpath, id, class name, accessibility id, css selector, -android uiautomator
[38;5;191m[f08da815][0m[38;5;-107m[AndroidUiautomator2Driver@c97e][0m Waiting up to 0 ms for condition
[38;5;191m[f08da815][0m[38;5;-107m[AndroidUiautomator2Driver@c97e][0m Matched '/element' to command name 'findElement'
[38;5;191m[f08da815][0m[38;5;-107m[AndroidUiautomator2Driver@c97e][0m Proxying [POST /element] to [POST http://127.0.0.1:8200/session/4fab0431-fe47-4962-adcf-c5024cfb175f/element] with body: {"strategy":"id","selector":"ItemSupermarket","context":"","multiple":false}
[38;5;191m[f08da815][0m[38;5;-107m[AndroidUiautomator2Driver@c97e][0m Got response with status 200: {"sessionId":"4fab0431-fe47-4962-adcf-c5024cfb175f","value":{"ELEMENT":"00000000-0000-0816-ffff-ffff00000041","element-6066-11e4-a52e-4f735466cecf":"00000000-0000-0816-ffff-ffff00000041"}}
[38;5;191m[f08da815][0m[38;5;-107m[AndroidUiautomator2Driver@c97e][0m Responding to client with driver.findElement() result: {"element-6066-11e4-a52e-4f735466cecf":"00000000-0000-0816-ffff-ffff00000041","ELEMENT":"00000000-0000-0816-ffff-ffff00000041"}
[38;5;191m[f08da815][0m[38;5;86m[HTTP][0m [37m<-- POST /session/f08da815-435b-4795-b7fa-063fe724030c/element [39m[32m200[39m [90m602 ms - 137[39m [90m[39m
[38;5;191m[f08da815][0m[38;5;86m[HTTP][0m [37m-->[39m [37mGET[39m [37m/session/f08da815-435b-4795-b7fa-063fe724030c/element/00000000-0000-0816-ffff-ffff00000041/displayed[39m [90m[39m
[38;5;191m[f08da815][0m[38;5;-107m[AndroidUiautomator2Driver@c97e][0m Calling AppiumDriver.elementDisplayed() with args: ["00000000-0000-0816-ffff-ffff00000041","f08da815-435b-4795-b7fa-063fe724030c"]
[38;5;191m[f08da815][0m[38;5;-107m[AndroidUiautomator2Driver@c97e][0m Matched '/element/00000000-0000-0816-ffff-ffff00000041/attribute/displayed' to command name 'getAttribute'
[38;5;191m[f08da815][0m[38;5;-107m[AndroidUiautomator2Driver@c97e][0m Proxying [GET /element/00000000-0000-0816-ffff-ffff00000041/attribute/displayed] to [GET http://127.0.0.1:8200/session/4fab0431-fe47-4962-adcf-c5024cfb175f/element/00000000-0000-0816-ffff-ffff00000041/attribute/displayed] with no body
[38;5;191m[f08da815][0m[38;5;-107m[AndroidUiautomator2Driver@c97e][0m Got response with status 200: {"sessionId":"4fab0431-fe47-4962-adcf-c5024cfb175f","value":"true"}
[38;5;191m[f08da815][0m[38;5;-107m[AndroidUiautomator2Driver@c97e][0m Responding to client with driver.elementDisplayed() result: true
[38;5;191m[f08da815][0m[38;5;86m[HTTP][0m [37m<-- GET /session/f08da815-435b-4795-b7fa-063fe724030c/element/00000000-0000-0816-ffff-ffff00000041/displayed [39m[32m200[39m [90m11 ms - 14[39m [90m[39m
[38;5;191m[f08da815][0m[38;5;86m[HTTP][0m [37m-->[39m [37mPOST[39m [37m/session/f08da815-435b-4795-b7fa-063fe724030c/element[39m [90m{"using":"id","value":"ItemSupermarket"}[39m
[38;5;191m[f08da815][0m[38;5;-107m[AndroidUiautomator2Driver@c97e][0m Calling AppiumDriver.findElement() with args: ["id","ItemSupermarket","f08da815-435b-4795-b7fa-063fe724030c"]
[38;5;191m[f08da815][0m[38;5;-107m[AndroidUiautomator2Driver@c97e][0m Valid locator strategies for this request: xpath, id, class name, accessibility id, css selector, -android uiautomator
[38;5;191m[f08da815][0m[38;5;-107m[AndroidUiautomator2Driver@c97e][0m Waiting up to 0 ms for condition
[38;5;191m[f08da815][0m[38;5;-107m[AndroidUiautomator2Driver@c97e][0m Matched '/element' to command name 'findElement'
[38;5;191m[f08da815][0m[38;5;-107m[AndroidUiautomator2Driver@c97e][0m Proxying [POST /element] to [POST http://127.0.0.1:8200/session/4fab0431-fe47-4962-adcf-c5024cfb175f/element] with body: {"strategy":"id","selector":"ItemSupermarket","context":"","multiple":false}
[38;5;191m[f08da815][0m[38;5;-107m[AndroidUiautomator2Driver@c97e][0m Got response with status 200: {"sessionId":"4fab0431-fe47-4962-adcf-c5024cfb175f","value":{"ELEMENT":"00000000-0000-0816-ffff-ffff00000041","element-6066-11e4-a52e-4f735466cecf":"00000000-0000-0816-ffff-ffff00000041"}}
[38;5;191m[f08da815][0m[38;5;-107m[AndroidUiautomator2Driver@c97e][0m Responding to client with driver.findElement() result: {"element-6066-11e4-a52e-4f735466cecf":"00000000-0000-0816-ffff-ffff00000041","ELEMENT":"00000000-0000-0816-ffff-ffff00000041"}
[38;5;191m[f08da815][0m[38;5;86m[HTTP][0m [37m<-- POST /session/f08da815-435b-4795-b7fa-063fe724030c/element [39m[32m200[39m [90m21 ms - 137[39m [90m[39m
[38;5;191m[f08da815][0m[38;5;86m[HTTP][0m [37m-->[39m [37mPOST[39m [37m/session/f08da815-435b-4795-b7fa-063fe724030c/element/00000000-0000-0816-ffff-ffff00000041/click[39m [90m{}[39m
[38;5;191m[f08da815][0m[38;5;-107m[AndroidUiautomator2Driver@c97e][0m Calling AppiumDriver.click() with args: ["00000000-0000-0816-ffff-ffff00000041","f08da815-435b-4795-b7fa-063fe724030c"]
[38;5;191m[f08da815][0m[38;5;-107m[AndroidUiautomator2Driver@c97e][0m Matched '/element/00000000-0000-0816-ffff-ffff00000041/click' to command name 'click'
[38;5;191m[f08da815][0m[38;5;-107m[AndroidUiautomator2Driver@c97e][0m Proxying [POST /element/00000000-0000-0816-ffff-ffff00000041/click] to [POST http://127.0.0.1:8200/session/4fab0431-fe47-4962-adcf-c5024cfb175f/element/00000000-0000-0816-ffff-ffff00000041/click] with body: {"element":"00000000-0000-0816-ffff-ffff00000041"}
[38;5;191m[f08da815][0m[38;5;-107m[AndroidUiautomator2Driver@c97e][0m Got response with status 200: {"sessionId":"4fab0431-fe47-4962-adcf-c5024cfb175f","value":null}
[38;5;191m[f08da815][0m[38;5;-107m[AndroidUiautomator2Driver@c97e][0m Responding to client with driver.click() result: null
[38;5;191m[f08da815][0m[38;5;86m[HTTP][0m [37m<-- POST /session/f08da815-435b-4795-b7fa-063fe724030c/element/00000000-0000-0816-ffff-ffff00000041/click [39m[32m200[39m [90m68 ms - 14[39m [90m[39m
[38;5;191m[f08da815][0m[38;5;86m[HTTP][0m [37m-->[39m [37mPOST[39m [37m/session/f08da815-435b-4795-b7fa-063fe724030c/element[39m [90m{"using":"id","value":"ItemSave"}[39m
[38;5;191m[f08da815][0m[38;5;-107m[AndroidUiautomator2Driver@c97e][0m Calling AppiumDriver.findElement() with args: ["id","ItemSave","f08da815-435b-4795-b7fa-063fe724030c"]
[38;5;191m[f08da815][0m[38;5;-107m[AndroidUiautomator2Driver@c97e][0m Valid locator strategies for this request: xpath, id, class name, accessibility id, css selector, -android uiautomator
[38;5;191m[f08da815][0m[38;5;-107m[AndroidUiautomator2Driver@c97e][0m Waiting up to 0 ms for condition
[38;5;191m[f08da815][0m[38;5;-107m[AndroidUiautomator2Driver@c97e][0m Matched '/element' to command name 'findElement'
[38;5;191m[f08da815][0m[38;5;-107m[AndroidUiautomator2Driver@c97e][0m Proxying [POST /element] to [POST http://127.0.0.1:8200/session/4fab0431-fe47-4962-adcf-c5024cfb175f/element] with body: {"strategy":"id","selector":"ItemSave","context":"","multiple":false}
[38;5;191m[f08da815][0m[38;5;-107m[AndroidUiautomator2Driver@c97e][0m Got response with status 200: {"sessionId":"4fab0431-fe47-4962-adcf-c5024cfb175f","value":{"ELEMENT":"00000000-0000-0816-ffff-ffff00000046","element-6066-11e4-a52e-4f735466cecf":"00000000-0000-0816-ffff-ffff00000046"}}
[38;5;191m[f08da815][0m[38;5;-107m[AndroidUiautomator2Driver@c97e][0m Responding to client with driver.findElement() result: {"element-6066-11e4-a52e-4f735466cecf":"00000000-0000-0816-ffff-ffff00000046","ELEMENT":"00000000-0000-0816-ffff-ffff00000046"}
[38;5;191m[f08da815][0m[38;5;86m[HTTP][0m [37m<-- POST /session/f08da815-435b-4795-b7fa-063fe724030c/element [39m[32m200[39m [90m637 ms - 137[39m [90m[39m
[38;5;191m[f08da815][0m[38;5;86m[HTTP][0m [37m-->[39m [37mGET[39m [37m/session/f08da815-435b-4795-b7fa-063fe724030c/element/00000000-0000-0816-ffff-ffff00000046/displayed[39m [90m[39m
[38;5;191m[f08da815][0m[38;5;-107m[AndroidUiautomator2Driver@c97e][0m Calling AppiumDriver.elementDisplayed() with args: ["00000000-0000-0816-ffff-ffff00000046","f08da815-435b-4795-b7fa-063fe724030c"]
[38;5;191m[f08da815][0m[38;5;-107m[AndroidUiautomator2Driver@c97e][0m Matched '/element/00000000-0000-0816-ffff-ffff00000046/attribute/displayed' to command name 'getAttribute'
[38;5;191m[f08da815][0m[38;5;-107m[AndroidUiautomator2Driver@c97e][0m Proxying [GET /element/00000000-0000-0816-ffff-ffff00000046/attribute/displayed] to [GET http://127.0.0.1:8200/session/4fab0431-fe47-4962-adcf-c5024cfb175f/element/00000000-0000-0816-ffff-ffff00000046/attribute/displayed] with no body
[38;5;191m[f08da815][0m[38;5;-107m[AndroidUiautomator2Driver@c97e][0m Got response with status 200: {"sessionId":"4fab0431-fe47-4962-adcf-c5024cfb175f","value":"true"}
[38;5;191m[f08da815][0m[38;5;-107m[AndroidUiautomator2Driver@c97e][0m Responding to client with driver.elementDisplayed() result: true
[38;5;191m[f08da815][0m[38;5;86m[HTTP][0m [37m<-- GET /session/f08da815-435b-4795-b7fa-063fe724030c/element/00000000-0000-0816-ffff-ffff00000046/displayed [39m[32m200[39m [90m11 ms - 14[39m [90m[39m
[38;5;191m[f08da815][0m[38;5;86m[HTTP][0m [37m-->[39m [37mPOST[39m [37m/session/f08da815-435b-4795-b7fa-063fe724030c/element[39m [90m{"using":"id","value":"ItemSave"}[39m
[38;5;191m[f08da815][0m[38;5;-107m[AndroidUiautomator2Driver@c97e][0m Calling AppiumDriver.findElement() with args: ["id","ItemSave","f08da815-435b-4795-b7fa-063fe724030c"]
[38;5;191m[f08da815][0m[38;5;-107m[AndroidUiautomator2Driver@c97e][0m Valid locator strategies for this request: xpath, id, class name, accessibility id, css selector, -android uiautomator
[38;5;191m[f08da815][0m[38;5;-107m[AndroidUiautomator2Driver@c97e][0m Waiting up to 0 ms for condition
[38;5;191m[f08da815][0m[38;5;-107m[AndroidUiautomator2Driver@c97e][0m Matched '/element' to command name 'findElement'
[38;5;191m[f08da815][0m[38;5;-107m[AndroidUiautomator2Driver@c97e][0m Proxying [POST /element] to [POST http://127.0.0.1:8200/session/4fab0431-fe47-4962-adcf-c5024cfb175f/element] with body: {"strategy":"id","selector":"ItemSave","context":"","multiple":false}
[38;5;191m[f08da815][0m[38;5;-107m[AndroidUiautomator2Driver@c97e][0m Got response with status 200: {"sessionId":"4fab0431-fe47-4962-adcf-c5024cfb175f","value":{"ELEMENT":"00000000-0000-0816-ffff-ffff00000046","element-6066-11e4-a52e-4f735466cecf":"00000000-0000-0816-ffff-ffff00000046"}}
[38;5;191m[f08da815][0m[38;5;-107m[AndroidUiautomator2Driver@c97e][0m Responding to client with driver.findElement() result: {"element-6066-11e4-a52e-4f735466cecf":"00000000-0000-0816-ffff-ffff00000046","ELEMENT":"00000000-0000-0816-ffff-ffff00000046"}
[38;5;191m[f08da815][0m[38;5;86m[HTTP][0m [37m<-- POST /session/f08da815-435b-4795-b7fa-063fe724030c/element [39m[32m200[39m [90m32 ms - 137[39m [90m[39m
[38;5;191m[f08da815][0m[38;5;86m[HTTP][0m [37m-->[39m [37mPOST[39m [37m/session/f08da815-435b-4795-b7fa-063fe724030c/element/00000000-0000-0816-ffff-ffff00000046/click[39m [90m{}[39m
[38;5;191m[f08da815][0m[38;5;-107m[AndroidUiautomator2Driver@c97e][0m Calling AppiumDriver.click() with args: ["00000000-0000-0816-ffff-ffff00000046","f08da815-435b-4795-b7fa-063fe724030c"]
[38;5;191m[f08da815][0m[38;5;-107m[AndroidUiautomator2Driver@c97e][0m Matched '/element/00000000-0000-0816-ffff-ffff00000046/click' to command name 'click'
[38;5;191m[f08da815][0m[38;5;-107m[AndroidUiautomator2Driver@c97e][0m Proxying [POST /element/00000000-0000-0816-ffff-ffff00000046/click] to [POST http://127.0.0.1:8200/session/4fab0431-fe47-4962-adcf-c5024cfb175f/element/00000000-0000-0816-ffff-ffff00000046/click] with body: {"element":"00000000-0000-0816-ffff-ffff00000046"}
[38;5;191m[f08da815][0m[38;5;-107m[AndroidUiautomator2Driver@c97e][0m Got response with status 200: {"sessionId":"4fab0431-fe47-4962-adcf-c5024cfb175f","value":null}
[38;5;191m[f08da815][0m[38;5;-107m[AndroidUiautomator2Driver@c97e][0m Responding to client with driver.click() result: null
[38;5;191m[f08da815][0m[38;5;86m[HTTP][0m [37m<-- POST /session/f08da815-435b-4795-b7fa-063fe724030c/element/00000000-0000-0816-ffff-ffff00000046/click [39m[32m200[39m [90m76 ms - 14[39m [90m[39m
[38;5;191m[f08da815][0m[38;5;86m[HTTP][0m [37m-->[39m [37mPOST[39m [37m/session/f08da815-435b-4795-b7fa-063fe724030c/element[39m [90m{"using":"id","value":"android:id/button2"}[39m
[38;5;191m[f08da815][0m[38;5;-107m[AndroidUiautomator2Driver@c97e][0m Calling AppiumDriver.findElement() with args: ["id","android:id/button2","f08da815-435b-4795-b7fa-063fe724030c"]
[38;5;191m[f08da815][0m[38;5;-107m[AndroidUiautomator2Driver@c97e][0m Valid locator strategies for this request: xpath, id, class name, accessibility id, css selector, -android uiautomator
[38;5;191m[f08da815][0m[38;5;-107m[AndroidUiautomator2Driver@c97e][0m Waiting up to 0 ms for condition
[38;5;191m[f08da815][0m[38;5;-107m[AndroidUiautomator2Driver@c97e][0m Matched '/element' to command name 'findElement'
[38;5;191m[f08da815][0m[38;5;-107m[AndroidUiautomator2Driver@c97e][0m Proxying [POST /element] to [POST http://127.0.0.1:8200/session/4fab0431-fe47-4962-adcf-c5024cfb175f/element] with body: {"strategy":"id","selector":"android:id/button2","context":"","multiple":false}
[38;5;191m[f08da815][0m[38;5;-107m[AndroidUiautomator2Driver@c97e][0m Got response with status 404: {"sessionId":"4fab0431-fe47-4962-adcf-c5024cfb175f","value":{"error":"no such element","message":"An element could not be located on the page using the given search parameters","stacktrace":"io.appium.uiautomator2.common.exceptions.ElementNotFoundException: An element could not be located on the page using the given search parameters\n\tat io.appium.uiautomator2.handler.FindElement.safeHandle(FindElement.java:63)\n\tat io.appium.uiautomator2.handler.request.SafeRequestHandler.handle(SafeRequestHandler.java:59)\n\tat io.appium.uiautomator2.server.AppiumServlet.handleRequest(AppiumServlet.java:259)\n\tat io.appium.uiautomator2.server.AppiumServlet.handleHttpRequest(AppiumServlet.java:253)\n\tat io.appium.uiautomator2.http.ServerHandler.channelRead(ServerHandler.java:77)\n\tat io.netty.channel.AbstractChannelHandlerContext.invokeChannelRead(AbstractChannelHandlerContext.java:366)\n\tat io.netty.channel.AbstractChannelHandlerContext.invokeChannelRead(AbstractChannelHandlerContext.java:352)\n\tat io.netty.chann...
[38;5;191m[f08da815][0m[38;5;123m[W3C][0m Matched W3C error code 'no such element' to NoSuchElementError
[38;5;191m[f08da815][0m[38;5;-107m[AndroidUiautomator2Driver@c97e][0m Encountered internal error running command: NoSuchElementError: An element could not be located on the page using the given search parameters.
    at AndroidUiautomator2Driver.findElOrEls (C:\Users\karlt\.appium\node_modules\appium-uiautomator2-driver\node_modules\appium-android-driver\lib\commands\find.ts:86:11)
    at processTicksAndRejections (node:internal/process/task_queues:105:5)
    at AndroidUiautomator2Driver.findElOrElsWithProcessing (C:\Users\karlt\appium-js\node_modules\@appium\base-driver\lib\basedriver\commands\find.ts:60:12)
    at AndroidUiautomator2Driver.findElement (C:\Users\karlt\appium-js\node_modules\@appium\base-driver\lib\basedriver\commands\find.ts:75:12)
[38;5;191m[f08da815][0m[38;5;86m[HTTP][0m [37m<-- POST /session/f08da815-435b-4795-b7fa-063fe724030c/element [39m[33m404[39m [90m106 ms - 823[39m [90m[39m
[38;5;191m[f08da815][0m[38;5;86m[HTTP][0m [37m-->[39m [37mPOST[39m [37m/session/f08da815-435b-4795-b7fa-063fe724030c/element[39m [90m{"using":"id","value":"android:id/button2"}[39m
[38;5;191m[f08da815][0m[38;5;-107m[AndroidUiautomator2Driver@c97e][0m Calling AppiumDriver.findElement() with args: ["id","android:id/button2","f08da815-435b-4795-b7fa-063fe724030c"]
[38;5;191m[f08da815][0m[38;5;-107m[AndroidUiautomator2Driver@c97e][0m Valid locator strategies for this request: xpath, id, class name, accessibility id, css selector, -android uiautomator
[38;5;191m[f08da815][0m[38;5;-107m[AndroidUiautomator2Driver@c97e][0m Waiting up to 0 ms for condition
[38;5;191m[f08da815][0m[38;5;-107m[AndroidUiautomator2Driver@c97e][0m Matched '/element' to command name 'findElement'
[38;5;191m[f08da815][0m[38;5;-107m[AndroidUiautomator2Driver@c97e][0m Proxying [POST /element] to [POST http://127.0.0.1:8200/session/4fab0431-fe47-4962-adcf-c5024cfb175f/element] with body: {"strategy":"id","selector":"android:id/button2","context":"","multiple":false}
[38;5;191m[f08da815][0m[38;5;-107m[AndroidUiautomator2Driver@c97e][0m Got response with status 200: {"sessionId":"4fab0431-fe47-4962-adcf-c5024cfb175f","value":{"ELEMENT":"00000000-0000-0818-ffff-ffff0000007a","element-6066-11e4-a52e-4f735466cecf":"00000000-0000-0818-ffff-ffff0000007a"}}
[38;5;191m[f08da815][0m[38;5;-107m[AndroidUiautomator2Driver@c97e][0m Responding to client with driver.findElement() result: {"element-6066-11e4-a52e-4f735466cecf":"00000000-0000-0818-ffff-ffff0000007a","ELEMENT":"00000000-0000-0818-ffff-ffff0000007a"}
[38;5;191m[f08da815][0m[38;5;86m[HTTP][0m [37m<-- POST /session/f08da815-435b-4795-b7fa-063fe724030c/element [39m[32m200[39m [90m529 ms - 137[39m [90m[39m
[38;5;191m[f08da815][0m[38;5;86m[HTTP][0m [37m-->[39m [37mGET[39m [37m/session/f08da815-435b-4795-b7fa-063fe724030c/element/00000000-0000-0818-ffff-ffff0000007a/displayed[39m [90m[39m
[38;5;191m[f08da815][0m[38;5;-107m[AndroidUiautomator2Driver@c97e][0m Calling AppiumDriver.elementDisplayed() with args: ["00000000-0000-0818-ffff-ffff0000007a","f08da815-435b-4795-b7fa-063fe724030c"]
[38;5;191m[f08da815][0m[38;5;-107m[AndroidUiautomator2Driver@c97e][0m Matched '/element/00000000-0000-0818-ffff-ffff0000007a/attribute/displayed' to command name 'getAttribute'
[38;5;191m[f08da815][0m[38;5;-107m[AndroidUiautomator2Driver@c97e][0m Proxying [GET /element/00000000-0000-0818-ffff-ffff0000007a/attribute/displayed] to [GET http://127.0.0.1:8200/session/4fab0431-fe47-4962-adcf-c5024cfb175f/element/00000000-0000-0818-ffff-ffff0000007a/attribute/displayed] with no body
[38;5;191m[f08da815][0m[38;5;-107m[AndroidUiautomator2Driver@c97e][0m Got response with status 200: {"sessionId":"4fab0431-fe47-4962-adcf-c5024cfb175f","value":"true"}
[38;5;191m[f08da815][0m[38;5;-107m[AndroidUiautomator2Driver@c97e][0m Responding to client with driver.elementDisplayed() result: true
[38;5;191m[f08da815][0m[38;5;86m[HTTP][0m [37m<-- GET /session/f08da815-435b-4795-b7fa-063fe724030c/element/00000000-0000-0818-ffff-ffff0000007a/displayed [39m[32m200[39m [90m11 ms - 14[39m [90m[39m
[38;5;191m[f08da815][0m[38;5;86m[HTTP][0m [37m-->[39m [37mPOST[39m [37m/session/f08da815-435b-4795-b7fa-063fe724030c/element[39m [90m{"using":"id","value":"android:id/button2"}[39m
[38;5;191m[f08da815][0m[38;5;-107m[AndroidUiautomator2Driver@c97e][0m Calling AppiumDriver.findElement() with args: ["id","android:id/button2","f08da815-435b-4795-b7fa-063fe724030c"]
[38;5;191m[f08da815][0m[38;5;-107m[AndroidUiautomator2Driver@c97e][0m Valid locator strategies for this request: xpath, id, class name, accessibility id, css selector, -android uiautomator
[38;5;191m[f08da815][0m[38;5;-107m[AndroidUiautomator2Driver@c97e][0m Waiting up to 0 ms for condition
[38;5;191m[f08da815][0m[38;5;-107m[AndroidUiautomator2Driver@c97e][0m Matched '/element' to command name 'findElement'
[38;5;191m[f08da815][0m[38;5;-107m[AndroidUiautomator2Driver@c97e][0m Proxying [POST /element] to [POST http://127.0.0.1:8200/session/4fab0431-fe47-4962-adcf-c5024cfb175f/element] with body: {"strategy":"id","selector":"android:id/button2","context":"","multiple":false}
[38;5;191m[f08da815][0m[38;5;-107m[AndroidUiautomator2Driver@c97e][0m Got response with status 200: {"sessionId":"4fab0431-fe47-4962-adcf-c5024cfb175f","value":{"ELEMENT":"00000000-0000-0818-ffff-ffff0000007a","element-6066-11e4-a52e-4f735466cecf":"00000000-0000-0818-ffff-ffff0000007a"}}
[38;5;191m[f08da815][0m[38;5;-107m[AndroidUiautomator2Driver@c97e][0m Responding to client with driver.findElement() result: {"element-6066-11e4-a52e-4f735466cecf":"00000000-0000-0818-ffff-ffff0000007a","ELEMENT":"00000000-0000-0818-ffff-ffff0000007a"}
[38;5;191m[f08da815][0m[38;5;86m[HTTP][0m [37m<-- POST /session/f08da815-435b-4795-b7fa-063fe724030c/element [39m[32m200[39m [90m15 ms - 137[39m [90m[39m
[38;5;191m[f08da815][0m[38;5;86m[HTTP][0m [37m-->[39m [37mPOST[39m [37m/session/f08da815-435b-4795-b7fa-063fe724030c/element/00000000-0000-0818-ffff-ffff0000007a/click[39m [90m{}[39m
[38;5;191m[f08da815][0m[38;5;-107m[AndroidUiautomator2Driver@c97e][0m Calling AppiumDriver.click() with args: ["00000000-0000-0818-ffff-ffff0000007a","f08da815-435b-4795-b7fa-063fe724030c"]
[38;5;191m[f08da815][0m[38;5;-107m[AndroidUiautomator2Driver@c97e][0m Matched '/element/00000000-0000-0818-ffff-ffff0000007a/click' to command name 'click'
[38;5;191m[f08da815][0m[38;5;-107m[AndroidUiautomator2Driver@c97e][0m Proxying [POST /element/00000000-0000-0818-ffff-ffff0000007a/click] to [POST http://127.0.0.1:8200/session/4fab0431-fe47-4962-adcf-c5024cfb175f/element/00000000-0000-0818-ffff-ffff0000007a/click] with body: {"element":"00000000-0000-0818-ffff-ffff0000007a"}
[38;5;191m[f08da815][0m[38;5;-107m[AndroidUiautomator2Driver@c97e][0m Got response with status 200: {"sessionId":"4fab0431-fe47-4962-adcf-c5024cfb175f","value":null}
[38;5;191m[f08da815][0m[38;5;-107m[AndroidUiautomator2Driver@c97e][0m Responding to client with driver.click() result: null
[38;5;191m[f08da815][0m[38;5;86m[HTTP][0m [37m<-- POST /session/f08da815-435b-4795-b7fa-063fe724030c/element/00000000-0000-0818-ffff-ffff0000007a/click [39m[32m200[39m [90m62 ms - 14[39m [90m[39m
[38;5;191m[f08da815][0m[38;5;86m[HTTP][0m [37m-->[39m [37mPOST[39m [37m/session/f08da815-435b-4795-b7fa-063fe724030c/elements[39m [90m{"using":"id","value":"ItemRow"}[39m
[38;5;191m[f08da815][0m[38;5;-107m[AndroidUiautomator2Driver@c97e][0m Calling AppiumDriver.findElements() with args: ["id","ItemRow","f08da815-435b-4795-b7fa-063fe724030c"]
[38;5;191m[f08da815][0m[38;5;-107m[AndroidUiautomator2Driver@c97e][0m Valid locator strategies for this request: xpath, id, class name, accessibility id, css selector, -android uiautomator
[38;5;191m[f08da815][0m[38;5;-107m[AndroidUiautomator2Driver@c97e][0m Waiting up to 0 ms for condition
[38;5;191m[f08da815][0m[38;5;-107m[AndroidUiautomator2Driver@c97e][0m Matched '/elements' to command name 'findElements'
[38;5;191m[f08da815][0m[38;5;-107m[AndroidUiautomator2Driver@c97e][0m Proxying [POST /elements] to [POST http://127.0.0.1:8200/session/4fab0431-fe47-4962-adcf-c5024cfb175f/elements] with body: {"strategy":"id","selector":"ItemRow","context":"","multiple":true}
[38;5;191m[f08da815][0m[38;5;-107m[AndroidUiautomator2Driver@c97e][0m Got response with status 200: {"sessionId":"4fab0431-fe47-4962-adcf-c5024cfb175f","value":[{"ELEMENT":"00000000-0000-0816-ffff-ffff00000028","element-6066-11e4-a52e-4f735466cecf":"00000000-0000-0816-ffff-ffff00000028"}]}
[38;5;191m[f08da815][0m[38;5;-107m[AndroidUiautomator2Driver@c97e][0m Responding to client with driver.findElements() result: [{"element-6066-11e4-a52e-4f735466cecf":"00000000-0000-0816-ffff-ffff00000028","ELEMENT":"00000000-0000-0816-ffff-ffff00000028"}]
[38;5;191m[f08da815][0m[38;5;86m[HTTP][0m [37m<-- POST /session/f08da815-435b-4795-b7fa-063fe724030c/elements [39m[32m200[39m [90m425 ms - 139[39m [90m[39m
[38;5;191m[f08da815][0m[38;5;86m[HTTP][0m [37m-->[39m [37mGET[39m [37m/session/f08da815-435b-4795-b7fa-063fe724030c/element/00000000-0000-0816-ffff-ffff00000028/displayed[39m [90m[39m
[38;5;191m[f08da815][0m[38;5;-107m[AndroidUiautomator2Driver@c97e][0m Calling AppiumDriver.elementDisplayed() with args: ["00000000-0000-0816-ffff-ffff00000028","f08da815-435b-4795-b7fa-063fe724030c"]
[38;5;191m[f08da815][0m[38;5;-107m[AndroidUiautomator2Driver@c97e][0m Matched '/element/00000000-0000-0816-ffff-ffff00000028/attribute/displayed' to command name 'getAttribute'
[38;5;191m[f08da815][0m[38;5;-107m[AndroidUiautomator2Driver@c97e][0m Proxying [GET /element/00000000-0000-0816-ffff-ffff00000028/attribute/displayed] to [GET http://127.0.0.1:8200/session/4fab0431-fe47-4962-adcf-c5024cfb175f/element/00000000-0000-0816-ffff-ffff00000028/attribute/displayed] with no body
[38;5;191m[f08da815][0m[38;5;-107m[AndroidUiautomator2Driver@c97e][0m Got response with status 200: {"sessionId":"4fab0431-fe47-4962-adcf-c5024cfb175f","value":"true"}
[38;5;191m[f08da815][0m[38;5;-107m[AndroidUiautomator2Driver@c97e][0m Responding to client with driver.elementDisplayed() result: true
[38;5;191m[f08da815][0m[38;5;86m[HTTP][0m [37m<-- GET /session/f08da815-435b-4795-b7fa-063fe724030c/element/00000000-0000-0816-ffff-ffff00000028/displayed [39m[32m200[39m [90m509 ms - 14[39m [90m[39m
[38;5;191m[f08da815][0m[38;5;86m[HTTP][0m [37m-->[39m [37mPOST[39m [37m/session/f08da815-435b-4795-b7fa-063fe724030c/element/00000000-0000-0816-ffff-ffff00000028/element[39m [90m{"using":"id","value":"ItemLabel"}[39m
[38;5;191m[f08da815][0m[38;5;-107m[AndroidUiautomator2Driver@c97e][0m Calling AppiumDriver.findElementFromElement() with args: ["id","ItemLabel","00000000-0000-0816-ffff-ffff00000028","f08da815-435b-4795-b7fa-063fe724030c"]
[38;5;191m[f08da815][0m[38;5;-107m[AndroidUiautomator2Driver@c97e][0m Valid locator strategies for this request: xpath, id, class name, accessibility id, css selector, -android uiautomator
[38;5;191m[f08da815][0m[38;5;-107m[AndroidUiautomator2Driver@c97e][0m Waiting up to 0 ms for condition
[38;5;191m[f08da815][0m[38;5;-107m[AndroidUiautomator2Driver@c97e][0m Matched '/element' to command name 'findElement'
[38;5;191m[f08da815][0m[38;5;-107m[AndroidUiautomator2Driver@c97e][0m Proxying [POST /element] to [POST http://127.0.0.1:8200/session/4fab0431-fe47-4962-adcf-c5024cfb175f/element] with body: {"strategy":"id","selector":"ItemLabel","context":"00000000-0000-0816-ffff-ffff00000028","multiple":false}
[38;5;191m[f08da815][0m[38;5;-107m[AndroidUiautomator2Driver@c97e][0m Got response with status 200: {"sessionId":"4fab0431-fe47-4962-adcf-c5024cfb175f","value":{"ELEMENT":"00000000-0000-0816-ffff-ffff0000002b","element-6066-11e4-a52e-4f735466cecf":"00000000-0000-0816-ffff-ffff0000002b"}}
[38;5;191m[f08da815][0m[38;5;-107m[AndroidUiautomator2Driver@c97e][0m Responding to client with driver.findElementFromElement() result: {"element-6066-11e4-a52e-4f735466cecf":"00000000-0000-0816-ffff-ffff0000002b","ELEMENT":"00000000-0000-0816-ffff-ffff0000002b"}
[38;5;191m[f08da815][0m[38;5;86m[HTTP][0m [37m<-- POST /session/f08da815-435b-4795-b7fa-063fe724030c/element/00000000-0000-0816-ffff-ffff00000028/element [39m[32m200[39m [90m19 ms - 137[39m [90m[39m
[38;5;191m[f08da815][0m[38;5;86m[HTTP][0m [37m-->[39m [37mGET[39m [37m/session/f08da815-435b-4795-b7fa-063fe724030c/element/00000000-0000-0816-ffff-ffff0000002b/text[39m [90m[39m
[38;5;191m[f08da815][0m[38;5;-107m[AndroidUiautomator2Driver@c97e][0m Driver proxy active, passing request on via HTTP proxy
[38;5;191m[f08da815][0m[38;5;-107m[AndroidUiautomator2Driver@c97e][0m Matched '/session/f08da815-435b-4795-b7fa-063fe724030c/element/00000000-0000-0816-ffff-ffff0000002b/text' to command name 'getText'
[38;5;191m[f08da815][0m[38;5;-107m[AndroidUiautomator2Driver@c97e][0m Proxying [GET /session/f08da815-435b-4795-b7fa-063fe724030c/element/00000000-0000-0816-ffff-ffff0000002b/text] to [GET http://127.0.0.1:8200/session/4fab0431-fe47-4962-adcf-c5024cfb175f/element/00000000-0000-0816-ffff-ffff0000002b/text] with no body
[38;5;191m[f08da815][0m[38;5;-107m[AndroidUiautomator2Driver@c97e][0m Got response with status 200: {"sessionId":"4fab0431-fe47-4962-adcf-c5024cfb175f","value":"Bananas"}
[38;5;191m[f08da815][0m[38;5;-107m[AndroidUiautomator2Driver@c97e][0m Replacing sessionId 4fab0431-fe47-4962-adcf-c5024cfb175f with f08da815-435b-4795-b7fa-063fe724030c
[38;5;191m[f08da815][0m[38;5;86m[HTTP][0m [37m<-- GET /session/f08da815-435b-4795-b7fa-063fe724030c/element/00000000-0000-0816-ffff-ffff0000002b/text [39m[32m200[39m [90m11 ms - 19[39m [90m[39m
[38;5;191m[f08da815][0m[38;5;86m[HTTP][0m [37m-->[39m [37mGET[39m [37m/session/f08da815-435b-4795-b7fa-063fe724030c/element/00000000-0000-0816-ffff-ffff00000028/displayed[39m [90m[39m
[38;5;191m[f08da815][0m[38;5;-107m[AndroidUiautomator2Driver@c97e][0m Calling AppiumDriver.elementDisplayed() with args: ["00000000-0000-0816-ffff-ffff00000028","f08da815-435b-4795-b7fa-063fe724030c"]
[38;5;191m[f08da815][0m[38;5;-107m[AndroidUiautomator2Driver@c97e][0m Matched '/element/00000000-0000-0816-ffff-ffff00000028/attribute/displayed' to command name 'getAttribute'
[38;5;191m[f08da815][0m[38;5;-107m[AndroidUiautomator2Driver@c97e][0m Proxying [GET /element/00000000-0000-0816-ffff-ffff00000028/attribute/displayed] to [GET http://127.0.0.1:8200/session/4fab0431-fe47-4962-adcf-c5024cfb175f/element/00000000-0000-0816-ffff-ffff00000028/attribute/displayed] with no body
[38;5;191m[f08da815][0m[38;5;-107m[AndroidUiautomator2Driver@c97e][0m Got response with status 200: {"sessionId":"4fab0431-fe47-4962-adcf-c5024cfb175f","value":"true"}
[38;5;191m[f08da815][0m[38;5;-107m[AndroidUiautomator2Driver@c97e][0m Responding to client with driver.elementDisplayed() result: true
[38;5;191m[f08da815][0m[38;5;86m[HTTP][0m [37m<-- GET /session/f08da815-435b-4795-b7fa-063fe724030c/element/00000000-0000-0816-ffff-ffff00000028/displayed [39m[32m200[39m [90m11 ms - 14[39m [90m[39m
[38;5;191m[f08da815][0m[38;5;86m[HTTP][0m [37m-->[39m [37mGET[39m [37m/session/f08da815-435b-4795-b7fa-063fe724030c/element/00000000-0000-0816-ffff-ffff00000028/rect[39m [90m[39m
[38;5;191m[f08da815][0m[38;5;-107m[AndroidUiautomator2Driver@c97e][0m Driver proxy active, passing request on via HTTP proxy
[38;5;191m[f08da815][0m[38;5;-107m[AndroidUiautomator2Driver@c97e][0m Matched '/session/f08da815-435b-4795-b7fa-063fe724030c/element/00000000-0000-0816-ffff-ffff00000028/rect' to command name 'getElementRect'
[38;5;191m[f08da815][0m[38;5;-107m[AndroidUiautomator2Driver@c97e][0m Proxying [GET /session/f08da815-435b-4795-b7fa-063fe724030c/element/00000000-0000-0816-ffff-ffff00000028/rect] to [GET http://127.0.0.1:8200/session/4fab0431-fe47-4962-adcf-c5024cfb175f/element/00000000-0000-0816-ffff-ffff00000028/rect] with no body
[38;5;191m[f08da815][0m[38;5;-107m[AndroidUiautomator2Driver@c97e][0m Got response with status 200: {"sessionId":"4fab0431-fe47-4962-adcf-c5024cfb175f","value":{"height":330,"width":1190,"x":30,"y":846}}
[38;5;191m[f08da815][0m[38;5;-107m[AndroidUiautomator2Driver@c97e][0m Replacing sessionId 4fab0431-fe47-4962-adcf-c5024cfb175f with f08da815-435b-4795-b7fa-063fe724030c
[38;5;191m[f08da815][0m[38;5;86m[HTTP][0m [37m<-- GET /session/f08da815-435b-4795-b7fa-063fe724030c/element/00000000-0000-0816-ffff-ffff00000028/rect [39m[32m200[39m [90m18 ms - 52[39m [90m[39m
[38;5;191m[f08da815][0m[38;5;86m[HTTP][0m [37m-->[39m [37mGET[39m [37m/session/f08da815-435b-4795-b7fa-063fe724030c/element/00000000-0000-0816-ffff-ffff00000028/rect[39m [90m[39m
[38;5;191m[f08da815][0m[38;5;-107m[AndroidUiautomator2Driver@c97e][0m Driver proxy active, passing request on via HTTP proxy
[38;5;191m[f08da815][0m[38;5;-107m[AndroidUiautomator2Driver@c97e][0m Matched '/session/f08da815-435b-4795-b7fa-063fe724030c/element/00000000-0000-0816-ffff-ffff00000028/rect' to command name 'getElementRect'
[38;5;191m[f08da815][0m[38;5;-107m[AndroidUiautomator2Driver@c97e][0m Proxying [GET /session/f08da815-435b-4795-b7fa-063fe724030c/element/00000000-0000-0816-ffff-ffff00000028/rect] to [GET http://127.0.0.1:8200/session/4fab0431-fe47-4962-adcf-c5024cfb175f/element/00000000-0000-0816-ffff-ffff00000028/rect] with no body
[38;5;191m[f08da815][0m[38;5;-107m[AndroidUiautomator2Driver@c97e][0m Got response with status 200: {"sessionId":"4fab0431-fe47-4962-adcf-c5024cfb175f","value":{"height":330,"width":1190,"x":30,"y":846}}
[38;5;191m[f08da815][0m[38;5;-107m[AndroidUiautomator2Driver@c97e][0m Replacing sessionId 4fab0431-fe47-4962-adcf-c5024cfb175f with f08da815-435b-4795-b7fa-063fe724030c
[38;5;191m[f08da815][0m[38;5;86m[HTTP][0m [37m<-- GET /session/f08da815-435b-4795-b7fa-063fe724030c/element/00000000-0000-0816-ffff-ffff00000028/rect [39m[32m200[39m [90m12 ms - 52[39m [90m[39m
[38;5;191m[f08da815][0m[38;5;86m[HTTP][0m [37m-->[39m [37mPOST[39m [37m/session/f08da815-435b-4795-b7fa-063fe724030c/execute/sync[39m [90m{"script":"mobile: swipeGesture","args":[{"left":-20,"top":796,"width":1190,"height":330,"direction":"left","percent":0.75}]}[39m
[38;5;191m[f08da815][0m[38;5;-107m[AndroidUiautomator2Driver@c97e][0m Calling AppiumDriver.execute() with args: ["mobile: swipeGesture",[{"left":-20,"top":796,"width":1190,"height":330,"direction":"left","percent":0.75}],"f08da815-435b-4795-b7fa-063fe724030c"]
[38;5;191m[f08da815][0m[38;5;-107m[AndroidUiautomator2Driver@c97e][0m Proxying [POST /appium/gestures/swipe] to [POST http://127.0.0.1:8200/session/4fab0431-fe47-4962-adcf-c5024cfb175f/appium/gestures/swipe] with body: {"area":{"left":-20,"top":796,"width":1190,"height":330},"direction":"left","percent":0.75}
[38;5;191m[f08da815][0m[38;5;-107m[AndroidUiautomator2Driver@c97e][0m Got response with status 200: {"sessionId":"4fab0431-fe47-4962-adcf-c5024cfb175f","value":null}
[38;5;191m[f08da815][0m[38;5;-107m[AndroidUiautomator2Driver@c97e][0m Responding to client with driver.execute() result: null
[38;5;191m[f08da815][0m[38;5;86m[HTTP][0m [37m<-- POST /session/f08da815-435b-4795-b7fa-063fe724030c/execute/sync [39m[32m200[39m [90m144 ms - 14[39m [90m[39m
[38;5;191m[f08da815][0m[38;5;86m[HTTP][0m [37m-->[39m [37mPOST[39m [37m/session/f08da815-435b-4795-b7fa-063fe724030c/element[39m [90m{"using":"accessibility id","value":"DeleteShoppingListItem"}[39m
[38;5;191m[f08da815][0m[38;5;-107m[AndroidUiautomator2Driver@c97e][0m Calling AppiumDriver.findElement() with args: ["accessibility id","DeleteShoppingListItem","f08da815-435b-4795-b7fa-063fe724030c"]
[38;5;191m[f08da815][0m[38;5;-107m[AndroidUiautomator2Driver@c97e][0m Valid locator strategies for this request: xpath, id, class name, accessibility id, css selector, -android uiautomator
[38;5;191m[f08da815][0m[38;5;-107m[AndroidUiautomator2Driver@c97e][0m Waiting up to 0 ms for condition
[38;5;191m[f08da815][0m[38;5;-107m[AndroidUiautomator2Driver@c97e][0m Matched '/element' to command name 'findElement'
[38;5;191m[f08da815][0m[38;5;-107m[AndroidUiautomator2Driver@c97e][0m Proxying [POST /element] to [POST http://127.0.0.1:8200/session/4fab0431-fe47-4962-adcf-c5024cfb175f/element] with body: {"strategy":"accessibility id","selector":"DeleteShoppingListItem","context":"","multiple":false}
[38;5;191m[f08da815][0m[38;5;-107m[AndroidUiautomator2Driver@c97e][0m Got response with status 200: {"sessionId":"4fab0431-fe47-4962-adcf-c5024cfb175f","value":{"ELEMENT":"00000000-0000-0816-ffff-ffff0000007e","element-6066-11e4-a52e-4f735466cecf":"00000000-0000-0816-ffff-ffff0000007e"}}
[38;5;191m[f08da815][0m[38;5;-107m[AndroidUiautomator2Driver@c97e][0m Responding to client with driver.findElement() result: {"element-6066-11e4-a52e-4f735466cecf":"00000000-0000-0816-ffff-ffff0000007e","ELEMENT":"00000000-0000-0816-ffff-ffff0000007e"}
[38;5;191m[f08da815][0m[38;5;86m[HTTP][0m [37m<-- POST /session/f08da815-435b-4795-b7fa-063fe724030c/element [39m[32m200[39m [90m604 ms - 137[39m [90m[39m
[38;5;191m[f08da815][0m[38;5;86m[HTTP][0m [37m-->[39m [37mGET[39m [37m/session/f08da815-435b-4795-b7fa-063fe724030c/element/00000000-0000-0816-ffff-ffff0000007e/displayed[39m [90m[39m
[38;5;191m[f08da815][0m[38;5;-107m[AndroidUiautomator2Driver@c97e][0m Calling AppiumDriver.elementDisplayed() with args: ["00000000-0000-0816-ffff-ffff0000007e","f08da815-435b-4795-b7fa-063fe724030c"]
[38;5;191m[f08da815][0m[38;5;-107m[AndroidUiautomator2Driver@c97e][0m Matched '/element/00000000-0000-0816-ffff-ffff0000007e/attribute/displayed' to command name 'getAttribute'
[38;5;191m[f08da815][0m[38;5;-107m[AndroidUiautomator2Driver@c97e][0m Proxying [GET /element/00000000-0000-0816-ffff-ffff0000007e/attribute/displayed] to [GET http://127.0.0.1:8200/session/4fab0431-fe47-4962-adcf-c5024cfb175f/element/00000000-0000-0816-ffff-ffff0000007e/attribute/displayed] with no body
[38;5;191m[f08da815][0m[38;5;-107m[AndroidUiautomator2Driver@c97e][0m Got response with status 200: {"sessionId":"4fab0431-fe47-4962-adcf-c5024cfb175f","value":"true"}
[38;5;191m[f08da815][0m[38;5;-107m[AndroidUiautomator2Driver@c97e][0m Responding to client with driver.elementDisplayed() result: true
[38;5;191m[f08da815][0m[38;5;86m[HTTP][0m [37m<-- GET /session/f08da815-435b-4795-b7fa-063fe724030c/element/00000000-0000-0816-ffff-ffff0000007e/displayed [39m[32m200[39m [90m12 ms - 14[39m [90m[39m
[38;5;191m[f08da815][0m[38;5;86m[HTTP][0m [37m-->[39m [37mPOST[39m [37m/session/f08da815-435b-4795-b7fa-063fe724030c/element[39m [90m{"using":"accessibility id","value":"DeleteShoppingListItem"}[39m
[38;5;191m[f08da815][0m[38;5;-107m[AndroidUiautomator2Driver@c97e][0m Calling AppiumDriver.findElement() with args: ["accessibility id","DeleteShoppingListItem","f08da815-435b-4795-b7fa-063fe724030c"]
[38;5;191m[f08da815][0m[38;5;-107m[AndroidUiautomator2Driver@c97e][0m Valid locator strategies for this request: xpath, id, class name, accessibility id, css selector, -android uiautomator
[38;5;191m[f08da815][0m[38;5;-107m[AndroidUiautomator2Driver@c97e][0m Waiting up to 0 ms for condition
[38;5;191m[f08da815][0m[38;5;-107m[AndroidUiautomator2Driver@c97e][0m Matched '/element' to command name 'findElement'
[38;5;191m[f08da815][0m[38;5;-107m[AndroidUiautomator2Driver@c97e][0m Proxying [POST /element] to [POST http://127.0.0.1:8200/session/4fab0431-fe47-4962-adcf-c5024cfb175f/element] with body: {"strategy":"accessibility id","selector":"DeleteShoppingListItem","context":"","multiple":false}
[38;5;191m[f08da815][0m[38;5;-107m[AndroidUiautomator2Driver@c97e][0m Got response with status 200: {"sessionId":"4fab0431-fe47-4962-adcf-c5024cfb175f","value":{"ELEMENT":"00000000-0000-0816-ffff-ffff0000007e","element-6066-11e4-a52e-4f735466cecf":"00000000-0000-0816-ffff-ffff0000007e"}}
[38;5;191m[f08da815][0m[38;5;-107m[AndroidUiautomator2Driver@c97e][0m Responding to client with driver.findElement() result: {"element-6066-11e4-a52e-4f735466cecf":"00000000-0000-0816-ffff-ffff0000007e","ELEMENT":"00000000-0000-0816-ffff-ffff0000007e"}
[38;5;191m[f08da815][0m[38;5;86m[HTTP][0m [37m<-- POST /session/f08da815-435b-4795-b7fa-063fe724030c/element [39m[32m200[39m [90m26 ms - 137[39m [90m[39m
[38;5;191m[f08da815][0m[38;5;86m[HTTP][0m [37m-->[39m [37mPOST[39m [37m/session/f08da815-435b-4795-b7fa-063fe724030c/element/00000000-0000-0816-ffff-ffff0000007e/click[39m [90m{}[39m
[38;5;191m[f08da815][0m[38;5;-107m[AndroidUiautomator2Driver@c97e][0m Calling AppiumDriver.click() with args: ["00000000-0000-0816-ffff-ffff0000007e","f08da815-435b-4795-b7fa-063fe724030c"]
[38;5;191m[f08da815][0m[38;5;-107m[AndroidUiautomator2Driver@c97e][0m Matched '/element/00000000-0000-0816-ffff-ffff0000007e/click' to command name 'click'
[38;5;191m[f08da815][0m[38;5;-107m[AndroidUiautomator2Driver@c97e][0m Proxying [POST /element/00000000-0000-0816-ffff-ffff0000007e/click] to [POST http://127.0.0.1:8200/session/4fab0431-fe47-4962-adcf-c5024cfb175f/element/00000000-0000-0816-ffff-ffff0000007e/click] with body: {"element":"00000000-0000-0816-ffff-ffff0000007e"}
[38;5;191m[f08da815][0m[38;5;-107m[AndroidUiautomator2Driver@c97e][0m Got response with status 200: {"sessionId":"4fab0431-fe47-4962-adcf-c5024cfb175f","value":null}
[38;5;191m[f08da815][0m[38;5;-107m[AndroidUiautomator2Driver@c97e][0m Responding to client with driver.click() result: null
[38;5;191m[f08da815][0m[38;5;86m[HTTP][0m [37m<-- POST /session/f08da815-435b-4795-b7fa-063fe724030c/element/00000000-0000-0816-ffff-ffff0000007e/click [39m[32m200[39m [90m659 ms - 14[39m [90m[39m
[38;5;191m[f08da815][0m[38;5;86m[HTTP][0m [37m-->[39m [37mPOST[39m [37m/session/f08da815-435b-4795-b7fa-063fe724030c/elements[39m [90m{"using":"id","value":"ItemRow"}[39m
[38;5;191m[f08da815][0m[38;5;-107m[AndroidUiautomator2Driver@c97e][0m Calling AppiumDriver.findElements() with args: ["id","ItemRow","f08da815-435b-4795-b7fa-063fe724030c"]
[38;5;191m[f08da815][0m[38;5;-107m[AndroidUiautomator2Driver@c97e][0m Valid locator strategies for this request: xpath, id, class name, accessibility id, css selector, -android uiautomator
[38;5;191m[f08da815][0m[38;5;-107m[AndroidUiautomator2Driver@c97e][0m Waiting up to 0 ms for condition
[38;5;191m[f08da815][0m[38;5;-107m[AndroidUiautomator2Driver@c97e][0m Matched '/elements' to command name 'findElements'
[38;5;191m[f08da815][0m[38;5;-107m[AndroidUiautomator2Driver@c97e][0m Proxying [POST /elements] to [POST http://127.0.0.1:8200/session/4fab0431-fe47-4962-adcf-c5024cfb175f/elements] with body: {"strategy":"id","selector":"ItemRow","context":"","multiple":true}
[38;5;191m[f08da815][0m[38;5;-107m[AndroidUiautomator2Driver@c97e][0m Got response with status 200: {"sessionId":"4fab0431-fe47-4962-adcf-c5024cfb175f","value":[]}
[38;5;191m[f08da815][0m[38;5;-107m[AndroidUiautomator2Driver@c97e][0m Responding to client with driver.findElements() result: []
[38;5;191m[f08da815][0m[38;5;86m[HTTP][0m [37m<-- POST /session/f08da815-435b-4795-b7fa-063fe724030c/elements [39m[32m200[39m [90m30 ms - 12[39m [90m[39m
[38;5;191m[f08da815][0m[38;5;86m[HTTP][0m [37m-->[39m [37mDELETE[39m [37m/session/f08da815-435b-4795-b7fa-063fe724030c[39m [90m[39m
[38;5;191m[f08da815][0m[38;5;-107m[AndroidUiautomator2Driver@c97e][0m Calling AppiumDriver.deleteSession() with args: ["f08da815-435b-4795-b7fa-063fe724030c"]
[38;5;191m[f08da815][0m[38;5;129m[AppiumDriver@8155][0m Event 'quitSessionRequested' logged at 1770241638023 (21:47:18 GMT+0000 (Greenwich Mean Time))
[38;5;191m[f08da815][0m[38;5;129m[AppiumDriver@8155][0m Removing session f08da815-435b-4795-b7fa-063fe724030c from our master session list
[38;5;191m[f08da815][0m[38;5;-107m[AndroidUiautomator2Driver@c97e][0m Deleting UiAutomator2 session
[38;5;191m[f08da815][0m[38;5;-107m[AndroidUiautomator2Driver@c97e][0m Deleting UiAutomator2 server session
[38;5;191m[f08da815][0m[38;5;-107m[AndroidUiautomator2Driver@c97e][0m Proxying [DELETE /] to [DELETE http://127.0.0.1:8200/session/4fab0431-fe47-4962-adcf-c5024cfb175f] with no body
[38;5;191m[f08da815][0m[38;5;-107m[AndroidUiautomator2Driver@c97e][0m Got response with status 200: {"sessionId":"4fab0431-fe47-4962-adcf-c5024cfb175f","value":null}
[38;5;191m[f08da815][0m[38;5;229m[ADB][0m Getting IDs of all 'io.appium.uiautomator2.server' processes
[38;5;191m[f08da815][0m[38;5;229m[ADB][0m Running 'C:\Users\karlt\AppData\Local\Android\Sdk\platform-tools\adb.exe -P 5037 -s emulator-5554 shell 'pgrep --help; echo $?''
[38;5;191m[f08da815][0m[38;5;-107m[AndroidUiautomator2Driver@c97e][0m [Instrumentation] io.appium.uiautomator2.server.test.AppiumUiAutomator2Server:.
[38;5;191m[f08da815][0m[38;5;-107m[AndroidUiautomator2Driver@c97e][0m [Instrumentation] 
[38;5;191m[f08da815][0m[38;5;-107m[AndroidUiautomator2Driver@c97e][0m [Instrumentation] Time: 17.291
[38;5;191m[f08da815][0m[38;5;-107m[AndroidUiautomator2Driver@c97e][0m [Instrumentation] 
[38;5;191m[f08da815][0m[38;5;-107m[AndroidUiautomator2Driver@c97e][0m [Instrumentation] OK (1 test)
[38;5;191m[f08da815][0m[38;5;-107m[AndroidUiautomator2Driver@c97e][0m [Instrumentation] 
[38;5;191m[f08da815][0m[38;5;-107m[AndroidUiautomator2Driver@c97e][0m [Instrumentation] 
[38;5;191m[f08da815][0m[38;5;229m[ADB][0m Running 'C:\Users\karlt\AppData\Local\Android\Sdk\platform-tools\adb.exe -P 5037 -s emulator-5554 shell pgrep -f \(\[\[:blank:\]\]\|\^\)io\.appium\.uiautomator2\.server\(:\[a-zA-Z0-9_-\]\+\)\?\(\[\[:blank:\]\]\|\$\)'
[38;5;191m[f08da815][0m[38;5;-107m[AndroidUiautomator2Driver@c97e][0m [Instrumentation] The process has exited with code 0, signal null
[38;5;191m[f08da815][0m[38;5;229m[ADB][0m Running 'C:\Users\karlt\AppData\Local\Android\Sdk\platform-tools\adb.exe -P 5037 -s emulator-5554 shell am force-stop io.appium.uiautomator2.server'
[38;5;191m[f08da815][0m[38;5;229m[ADB][0m Running 'C:\Users\karlt\AppData\Local\Android\Sdk\platform-tools\adb.exe -P 5037 -s emulator-5554 shell am force-stop io.appium.uiautomator2.server.test'
[38;5;191m[f08da815][0m[38;5;229m[ADB][0m Running 'C:\Users\karlt\AppData\Local\Android\Sdk\platform-tools\adb.exe -P 5037 -s emulator-5554 shell dumpsys activity services io.appium.settings/.recorder.RecorderService'
[38;5;191m[f08da815][0m[38;5;229m[ADB][0m Running 'C:\Users\karlt\AppData\Local\Android\Sdk\platform-tools\adb.exe -P 5037 -s emulator-5554 shell am force-stop com.companyname.appiumtestapp'
[38;5;191m[f08da815][0m[38;5;229m[ADB][0m Removing forwarded port socket connection: 8200 
[38;5;191m[f08da815][0m[38;5;229m[ADB][0m Running 'C:\Users\karlt\AppData\Local\Android\Sdk\platform-tools\adb.exe -P 5037 -s emulator-5554 forward --remove tcp:8200'
[38;5;191m[f08da815][0m[38;5;-107m[AndroidUiautomator2Driver@c97e][0m Restoring hidden api policy to the device default configuration
[38;5;191m[f08da815][0m[38;5;229m[ADB][0m Running 'C:\Users\karlt\AppData\Local\Android\Sdk\platform-tools\adb.exe -P 5037 -s emulator-5554 shell 'settings delete global hidden_api_policy_pre_p_apps;settings delete global hidden_api_policy_p_apps;settings delete global hidden_api_policy''
[38;5;191m[f08da815][0m[38;5;160m[Logcat][0m Stopping logcat capture
[38;5;191m[f08da815][0m[38;5;129m[AppiumDriver@8155][0m Event 'quitSessionFinished' logged at 1770241638525 (21:47:18 GMT+0000 (Greenwich Mean Time))
[38;5;191m[f08da815][0m[38;5;129m[AppiumDriver@8155][0m Received response: null
[38;5;191m[f08da815][0m[38;5;129m[AppiumDriver@8155][0m But deleting session, so not returning
[38;5;191m[f08da815][0m[38;5;129m[AppiumDriver@8155][0m Responding to client with driver.deleteSession() result: null
[38;5;191m[f08da815][0m[38;5;86m[HTTP][0m [37m<-- DELETE /session/f08da815-435b-4795-b7fa-063fe724030c [39m[32m200[39m [90m503 ms - 14[39m [90m[39m
[38;5;86m[HTTP][0m [37m-->[39m [37mPOST[39m [37m/session[39m [90m{"capabilities":{"alwaysMatch":{"platformName":"Android","appium:deviceName":"Pixel 9 Pro","appium:automationName":"UiAutomator2","appium:appPackage":"com.companyname.appiumtestapp","appium:appActivity":"crc64f0954e3e9cd062a0.MainActivity","appium:appWaitActivity":"*","appium:appWaitDuration":60000,"appium:noReset":false,"appium:autoGrantPermissions":true,"appium:unicodeKeyboard":true,"appium:resetKeyboard":true,"appium:newCommandTimeout":180,"appium:adbExecTimeout":120000,"appium:uiautomator2ServerInstallTimeout":120000,"appium:uiautomator2ServerLaunchTimeout":120000,"appium:uiautomator2ServerReadTimeout":120000,"appium:disableWindowAnimation":true},"firstMatch":[{}]}}[39m
[38;5;129m[AppiumDriver@8155][0m Calling AppiumDriver.createSession() with args: [{"alwaysMatch":{"platformName":"Android","appium:deviceName":"Pixel 9 Pro","appium:automationName":"UiAutomator2","appium:appPackage":"com.companyname.appiumtestapp","appium:appActivity":"crc64f0954e3e9cd062a0.MainActivity","appium:appWaitActivity":"*","appium:appWaitDuration":60000,"appium:noReset":false,"appium:autoGrantPermissions":true,"appium:unicodeKeyboard":true,"appium:resetKeyboard":true,"appium:newCommandTimeout":180,"appium:adbExecTimeout":120000,"appium:uiautomator2ServerInstallTimeout":120000,"appium:uiautomator2ServerLaunchTimeout":120000,"appium:uiautomator2ServerReadTimeout":120000,"appium:disableWindowAnimation":true},"firstMatch":[{}]},{"alwaysMatch":{"platformName":"Android","appium:deviceName":"Pixel 9 Pro","appium:automationName":"UiAutomator2","appium:appPackage":"com.companyname.appiumtestapp","appium:appActivity":"crc64f0954e3e9cd062a0.MainActivity","appium:appWaitActivity":"*","appium:appWaitDuration":60000,"appium:noReset":false,"appium:autoGrantPermissions":true,"appium:unicodeK...
[38;5;129m[AppiumDriver@8155][0m Event 'newSessionRequested' logged at 1770241640286 (21:47:20 GMT+0000 (Greenwich Mean Time))
[38;5;112m[Appium][0m Attempting to find matching driver for automationName 'UiAutomator2' and platformName 'Android'
[38;5;112m[Appium][0m The 'uiautomator2' driver was installed and matched caps.
[38;5;112m[Appium][0m Will require it at C:\Users\karlt\.appium\node_modules\appium-uiautomator2-driver
[38;5;112m[Appium][0m Requiring driver at C:\Users\karlt\.appium\node_modules\appium-uiautomator2-driver\build\index.js
[38;5;129m[AppiumDriver@8155][0m Appium v3.1.2 creating new AndroidUiautomator2Driver (v4.1.5) session
[38;5;129m[AppiumDriver@8155][0m Checking BaseDriver versions for Appium and AndroidUiautomator2Driver
[38;5;129m[AppiumDriver@8155][0m Appium's BaseDriver version is 10.1.2
[38;5;129m[AppiumDriver@8155][0m AndroidUiautomator2Driver's BaseDriver version is 10.1.2
[38;5;-34m[AndroidUiautomator2Driver@eb00][0m 
[38;5;-34m[AndroidUiautomator2Driver@eb00][0m Creating session with W3C capabilities: {
  "alwaysMatch": {
    "platformName": "Android",
    "appium:deviceName": "Pixel 9 Pro",
    "appium:automationName": "UiAutomator2",
    "appium:appPackage": "com.companyname.appiumtestapp",
    "appium:appActivity": "crc64f0954e3e9cd062a0.MainActivity",
    "appium:appWaitActivity": "*",
    "appium:appWaitDuration": 60000,
    "appium:noReset": false,
    "appium:autoGrantPermissions": true,
    "appium:unicodeKeyboard": true,
    "appium:resetKeyboard": true,
    "appium:newCommandTimeout": 180,
    "appium:adbExecTimeout": 120000,
    "appium:uiautomator2ServerInstallTimeout": 120000,
    "appium:uiautomator2ServerLaunchTimeout": 120000,
    "appium:uiautomator2ServerReadTimeout": 120000,
    "appium:disableWindowAnimation": true
  },
  "firstMatch": [
    {}
  ]
}
[38;5;-34m[AndroidUiautomator2Driver@eb00][0m The following provided capabilities were not recognized by this driver:
[38;5;-34m[AndroidUiautomator2Driver@eb00][0m   resetKeyboard
[38;5;227m[ffd8c167][0m[38;5;-34m[AndroidUiautomator2Driver@eb00][0m Session created with session id: ffd8c167-4bbd-4570-9f19-b5d7fef6eeda
[38;5;227m[ffd8c167][0m[38;5;229m[ADB][0m Using 'adb.exe' from 'C:\Users\karlt\AppData\Local\Android\Sdk\platform-tools\adb.exe'
[38;5;227m[ffd8c167][0m[38;5;229m[ADB][0m Running 'C:\Users\karlt\AppData\Local\Android\Sdk\platform-tools\adb.exe -P 5037 start-server'
[38;5;227m[ffd8c167][0m[38;5;-34m[AndroidUiautomator2Driver@eb00][0m Retrieving device list
[38;5;227m[ffd8c167][0m[38;5;229m[ADB][0m Trying to find connected Android devices
[38;5;227m[ffd8c167][0m[38;5;229m[ADB][0m Getting connected devices
[38;5;227m[ffd8c167][0m[38;5;229m[ADB][0m Connected devices: [{"udid":"emulator-5554","state":"device"}]
[38;5;227m[ffd8c167][0m[38;5;-34m[AndroidUiautomator2Driver@eb00][0m Using device: emulator-5554
[38;5;227m[ffd8c167][0m[38;5;229m[ADB][0m Using 'adb.exe' from 'C:\Users\karlt\AppData\Local\Android\Sdk\platform-tools\adb.exe'
[38;5;227m[ffd8c167][0m[38;5;229m[ADB][0m Running 'C:\Users\karlt\AppData\Local\Android\Sdk\platform-tools\adb.exe -P 5037 start-server'
[38;5;227m[ffd8c167][0m[38;5;229m[ADB][0m Setting device id to emulator-5554
[38;5;227m[ffd8c167][0m[38;5;-34m[AndroidUiautomator2Driver@eb00][0m Starting 'com.companyname.appiumtestapp' directly on the device
[38;5;227m[ffd8c167][0m[38;5;229m[ADB][0m Running 'C:\Users\karlt\AppData\Local\Android\Sdk\platform-tools\adb.exe -P 5037 -s emulator-5554 shell getprop ro.build.version.sdk'
[38;5;227m[ffd8c167][0m[38;5;229m[ADB][0m Current device property 'ro.build.version.sdk': 36
[38;5;227m[ffd8c167][0m[38;5;229m[ADB][0m Getting device platform version
[38;5;227m[ffd8c167][0m[38;5;229m[ADB][0m Running 'C:\Users\karlt\AppData\Local\Android\Sdk\platform-tools\adb.exe -P 5037 -s emulator-5554 shell getprop ro.build.version.release'
[38;5;227m[ffd8c167][0m[38;5;229m[ADB][0m Current device property 'ro.build.version.release': 16
[38;5;227m[ffd8c167][0m[38;5;229m[ADB][0m Device API level: 36
[38;5;227m[ffd8c167][0m[38;5;-34m[AndroidUiautomator2Driver@eb00][0m Relaxing hidden api policy
[38;5;227m[ffd8c167][0m[38;5;229m[ADB][0m Running 'C:\Users\karlt\AppData\Local\Android\Sdk\platform-tools\adb.exe -P 5037 -s emulator-5554 shell 'settings put global hidden_api_policy_pre_p_apps 1;settings put global hidden_api_policy_p_apps 1;settings put global hidden_api_policy 1''
[38;5;227m[ffd8c167][0m[38;5;229m[ADB][0m Running 'C:\Users\karlt\AppData\Local\Android\Sdk\platform-tools\adb.exe -P 5037 -s emulator-5554 wait-for-device'
[38;5;227m[ffd8c167][0m[38;5;229m[ADB][0m Running 'C:\Users\karlt\AppData\Local\Android\Sdk\platform-tools\adb.exe -P 5037 -s emulator-5554 shell echo ping'
[38;5;227m[ffd8c167][0m[38;5;-34m[AndroidUiautomator2Driver@eb00][0m Pushing settings apk to the device...
[38;5;227m[ffd8c167][0m[38;5;229m[ADB][0m Getting package info for 'io.appium.settings'
[38;5;227m[ffd8c167][0m[38;5;229m[ADB][0m Running 'C:\Users\karlt\AppData\Local\Android\Sdk\platform-tools\adb.exe -P 5037 -s emulator-5554 shell dumpsys package io.appium.settings'
[38;5;227m[ffd8c167][0m[38;5;229m[ADB][0m Using 'aapt2.exe' from 'C:\Users\karlt\AppData\Local\Android\Sdk\build-tools\36.0.0\aapt2.exe'
[38;5;227m[ffd8c167][0m[38;5;229m[ADB][0m Reading package manifest: 'C:\\Users\\karlt\\AppData\\Local\\Android\\Sdk\\build-tools\\36.0.0\\aapt2.exe dump badging C:\\Users\\karlt\\.appium\\node_modules\\appium-uiautomator2-driver\\node_modules\\io.appium.settings\\apks\\settings_apk-debug.apk'
[38;5;227m[ffd8c167][0m[38;5;229m[ADB][0m The version name of the installed 'io.appium.settings' is greater or equal to the application version name ('5.14.4' >= '5.14.4')
[38;5;227m[ffd8c167][0m[38;5;229m[ADB][0m There is no need to install/upgrade 'C:\Users\karlt\.appium\node_modules\appium-uiautomator2-driver\node_modules\io.appium.settings\apks\settings_apk-debug.apk'
[38;5;227m[ffd8c167][0m[38;5;229m[ADB][0m Running 'C:\Users\karlt\AppData\Local\Android\Sdk\platform-tools\adb.exe -P 5037 -s emulator-5554 shell dumpsys activity services io.appium.settings'
[38;5;227m[ffd8c167][0m[38;5;-34m[AndroidUiautomator2Driver@eb00][0m io.appium.settings is already running. There is no need to reset its permissions.
[38;5;227m[ffd8c167][0m[38;5;160m[Logcat][0m Starting logs capture with command: C:\\Users\\karlt\\AppData\\Local\\Android\\Sdk\\platform-tools\\adb.exe -P 5037 -s emulator-5554 logcat -v threadtime
[38;5;227m[ffd8c167][0m[38;5;-34m[AndroidUiautomator2Driver@eb00][0m The 'unicodeKeyboard' capability has been deprecated and will be removed. Set the 'hideKeyboard' capability to 'true' in order to make the on-screen keyboard invisible.
[38;5;227m[ffd8c167][0m[38;5;-34m[AndroidUiautomator2Driver@eb00][0m Enabling Unicode keyboard support
[38;5;227m[ffd8c167][0m[38;5;229m[ADB][0m Running 'C:\Users\karlt\AppData\Local\Android\Sdk\platform-tools\adb.exe -P 5037 -s emulator-5554 shell settings get secure default_input_method'
[38;5;227m[ffd8c167][0m[38;5;-34m[AndroidUiautomator2Driver@eb00][0m Unsetting previous IME io.appium.settings/.UnicodeIME
[38;5;227m[ffd8c167][0m[38;5;-34m[AndroidUiautomator2Driver@eb00][0m Setting IME to 'io.appium.settings/.UnicodeIME'
[38;5;227m[ffd8c167][0m[38;5;229m[ADB][0m Running 'C:\Users\karlt\AppData\Local\Android\Sdk\platform-tools\adb.exe -P 5037 -s emulator-5554 shell ime enable io.appium.settings/.UnicodeIME'
[38;5;227m[ffd8c167][0m[38;5;229m[ADB][0m Running 'C:\Users\karlt\AppData\Local\Android\Sdk\platform-tools\adb.exe -P 5037 -s emulator-5554 shell ime set io.appium.settings/.UnicodeIME'
[38;5;227m[ffd8c167][0m[38;5;-34m[AndroidUiautomator2Driver@eb00][0m Forwarding UiAutomator2 Server port 6790 to local port 8200
[38;5;227m[ffd8c167][0m[38;5;229m[ADB][0m Forwarding system: 8200 to device: 6790
[38;5;227m[ffd8c167][0m[38;5;229m[ADB][0m Running 'C:\Users\karlt\AppData\Local\Android\Sdk\platform-tools\adb.exe -P 5037 -s emulator-5554 forward tcp:8200 tcp:6790'
[38;5;227m[ffd8c167][0m[38;5;-34m[AndroidUiautomator2Driver@eb00][0m UIA2Proxy options: {"server":"127.0.0.1","port":8200,"timeout":120000,"keepAlive":true,"scheme":"http","base":"","reqBasePath":"","sessionId":null}
[38;5;227m[ffd8c167][0m[38;5;229m[ADB][0m Getting package info for 'io.appium.uiautomator2.server'
[38;5;227m[ffd8c167][0m[38;5;229m[ADB][0m Running 'C:\Users\karlt\AppData\Local\Android\Sdk\platform-tools\adb.exe -P 5037 -s emulator-5554 shell dumpsys package io.appium.uiautomator2.server'
[38;5;227m[ffd8c167][0m[38;5;229m[ADB][0m Getting install status for io.appium.uiautomator2.server.test
[38;5;227m[ffd8c167][0m[38;5;-34m[AndroidUiautomator2Driver@eb00][0m No app capability. Assuming it is already on the device
[38;5;227m[ffd8c167][0m[38;5;229m[ADB][0m Getting install status for com.companyname.appiumtestapp
[38;5;227m[ffd8c167][0m[38;5;229m[ADB][0m Running 'C:\Users\karlt\AppData\Local\Android\Sdk\platform-tools\adb.exe -P 5037 -s emulator-5554 shell cmd package list packages'
[38;5;227m[ffd8c167][0m[38;5;229m[ADB][0m Running 'C:\Users\karlt\AppData\Local\Android\Sdk\platform-tools\adb.exe -P 5037 -s emulator-5554 shell cmd package list packages'
[38;5;227m[ffd8c167][0m[38;5;229m[ADB][0m Reading package manifest: 'C:\\Users\\karlt\\AppData\\Local\\Android\\Sdk\\build-tools\\36.0.0\\aapt2.exe dump badging C:\\Users\\karlt\\.appium\\node_modules\\appium-uiautomator2-driver\\node_modules\\appium-uiautomator2-server\\apks\\appium-uiautomator2-server-v7.3.0.apk'
[38;5;227m[ffd8c167][0m[38;5;229m[ADB][0m 'io.appium.uiautomator2.server.test' is installed
[38;5;227m[ffd8c167][0m[38;5;229m[ADB][0m 'com.companyname.appiumtestapp' is installed
[38;5;227m[ffd8c167][0m[38;5;229m[ADB][0m Running 'C:\Users\karlt\AppData\Local\Android\Sdk\platform-tools\adb.exe -P 5037 -s emulator-5554 shell am force-stop com.companyname.appiumtestapp'
[38;5;227m[ffd8c167][0m[38;5;229m[ADB][0m The version name of the installed 'io.appium.uiautomator2.server' is greater or equal to the application version name ('7.3.0' >= '7.3.0')
[38;5;227m[ffd8c167][0m[38;5;-34m[AndroidUiautomator2Driver@eb00][0m Server packages status: [{"installState":"sameVersionInstalled","appPath":"C:\\Users\\karlt\\.appium\\node_modules\\appium-uiautomator2-driver\\node_modules\\appium-uiautomator2-server\\apks\\appium-uiautomator2-server-v7.3.0.apk","appId":"io.appium.uiautomator2.server"},{"installState":"sameVersionInstalled","appPath":"C:\\Users\\karlt\\.appium\\node_modules\\appium-uiautomator2-driver\\node_modules\\appium-uiautomator2-server\\apks\\appium-uiautomator2-server-debug-androidTest.apk","appId":"io.appium.uiautomator2.server.test"}]
[38;5;227m[ffd8c167][0m[38;5;-34m[AndroidUiautomator2Driver@eb00][0m Server packages are not going to be (re)installed
[38;5;227m[ffd8c167][0m[38;5;-34m[AndroidUiautomator2Driver@eb00][0m Waiting up to 30000ms for services to be available
[38;5;227m[ffd8c167][0m[38;5;229m[ADB][0m Running 'C:\Users\karlt\AppData\Local\Android\Sdk\platform-tools\adb.exe -P 5037 -s emulator-5554 shell pm list instrumentation'
[38;5;227m[ffd8c167][0m[38;5;229m[ADB][0m Running 'C:\Users\karlt\AppData\Local\Android\Sdk\platform-tools\adb.exe -P 5037 -s emulator-5554 shell pm clear com.companyname.appiumtestapp'
[38;5;227m[ffd8c167][0m[38;5;-34m[AndroidUiautomator2Driver@eb00][0m Instrumentation target 'io.appium.uiautomator2.server.test/androidx.test.runner.AndroidJUnitRunner' is available
[38;5;227m[ffd8c167][0m[38;5;229m[ADB][0m Adding packages ["io.appium.settings","io.appium.uiautomator2.server","io.appium.uiautomator2.server.test"] to Doze whitelist
[38;5;227m[ffd8c167][0m[38;5;229m[ADB][0m Got the following command chunks to execute: [["dumpsys","deviceidle","whitelist","+io.appium.settings",";","dumpsys","deviceidle","whitelist","+io.appium.uiautomator2.server",";","dumpsys","deviceidle","whitelist","+io.appium.uiautomator2.server.test",";"]]
[38;5;227m[ffd8c167][0m[38;5;229m[ADB][0m Running 'C:\Users\karlt\AppData\Local\Android\Sdk\platform-tools\adb.exe -P 5037 -s emulator-5554 shell dumpsys deviceidle whitelist +io.appium.settings ; dumpsys deviceidle whitelist +io.appium.uiautomator2.server ; dumpsys deviceidle whitelist +io.appium.uiautomator2.server.test ;'
[38;5;227m[ffd8c167][0m[38;5;229m[ADB][0m Running 'C:\Users\karlt\AppData\Local\Android\Sdk\platform-tools\adb.exe -P 5037 -s emulator-5554 shell dumpsys package com.companyname.appiumtestapp'
[38;5;227m[ffd8c167][0m[38;5;229m[ADB][0m Retrieving requested permissions
[38;5;227m[ffd8c167][0m[38;5;229m[ADB][0m Retrieved 4 permissions from requested group
[38;5;227m[ffd8c167][0m[38;5;229m[ADB][0m Retrieving granted permissions
[38;5;227m[ffd8c167][0m[38;5;229m[ADB][0m Retrieved 2 permissions from install,runtime groups
[38;5;227m[ffd8c167][0m[38;5;229m[ADB][0m com.companyname.appiumtestapp contains no permissions available for granting
[38;5;227m[ffd8c167][0m[38;5;-34m[AndroidUiautomator2Driver@eb00][0m Performed fast reset on the installed 'com.companyname.appiumtestapp' application (stop and clear)
[38;5;227m[ffd8c167][0m[38;5;-34m[AndroidUiautomator2Driver@eb00][0m Performing shallow cleanup of automation leftovers
[38;5;227m[ffd8c167][0m[38;5;-34m[AndroidUiautomator2Driver@eb00][0m No obsolete sessions have been detected (socket hang up)
[38;5;227m[ffd8c167][0m[38;5;229m[ADB][0m Running 'C:\Users\karlt\AppData\Local\Android\Sdk\platform-tools\adb.exe -P 5037 -s emulator-5554 shell am force-stop io.appium.uiautomator2.server'
[38;5;227m[ffd8c167][0m[38;5;229m[ADB][0m Running 'C:\Users\karlt\AppData\Local\Android\Sdk\platform-tools\adb.exe -P 5037 -s emulator-5554 shell am force-stop io.appium.uiautomator2.server.test'
[38;5;227m[ffd8c167][0m[38;5;-34m[AndroidUiautomator2Driver@eb00][0m Starting UIAutomator2 server 7.3.0
[38;5;227m[ffd8c167][0m[38;5;-34m[AndroidUiautomator2Driver@eb00][0m Using UIAutomator2 server from 'C:\Users\karlt\.appium\node_modules\appium-uiautomator2-driver\node_modules\appium-uiautomator2-server\apks\appium-uiautomator2-server-v7.3.0.apk' and test from 'C:\Users\karlt\.appium\node_modules\appium-uiautomator2-driver\node_modules\appium-uiautomator2-server\apks\appium-uiautomator2-server-debug-androidTest.apk'
[38;5;227m[ffd8c167][0m[38;5;-34m[AndroidUiautomator2Driver@eb00][0m Waiting up to 120000ms for UiAutomator2 to be online...
[38;5;227m[ffd8c167][0m[38;5;229m[ADB][0m Creating ADB subprocess with args: ["-P","5037","-s","emulator-5554","shell","am","instrument","-w","--no-window-animation","-e","disableAnalytics","true","io.appium.uiautomator2.server.test/androidx.test.runner.AndroidJUnitRunner"]
[38;5;227m[ffd8c167][0m[38;5;-34m[AndroidUiautomator2Driver@eb00][0m Matched '/status' to command name 'getStatus'
[38;5;227m[ffd8c167][0m[38;5;-34m[AndroidUiautomator2Driver@eb00][0m Proxying [GET /status] to [GET http://127.0.0.1:8200/status] with no body
[38;5;227m[ffd8c167][0m[38;5;-34m[AndroidUiautomator2Driver@eb00][0m socket hang up
[38;5;227m[ffd8c167][0m[38;5;-34m[AndroidUiautomator2Driver@eb00][0m Matched '/status' to command name 'getStatus'
[38;5;227m[ffd8c167][0m[38;5;-34m[AndroidUiautomator2Driver@eb00][0m Proxying [GET /status] to [GET http://127.0.0.1:8200/status] with no body
[38;5;227m[ffd8c167][0m[38;5;-34m[AndroidUiautomator2Driver@eb00][0m socket hang up
[38;5;227m[ffd8c167][0m[38;5;-34m[AndroidUiautomator2Driver@eb00][0m [Instrumentation] 
[38;5;227m[ffd8c167][0m[38;5;-34m[AndroidUiautomator2Driver@eb00][0m Matched '/status' to command name 'getStatus'
[38;5;227m[ffd8c167][0m[38;5;-34m[AndroidUiautomator2Driver@eb00][0m Proxying [GET /status] to [GET http://127.0.0.1:8200/status] with no body
[38;5;227m[ffd8c167][0m[38;5;-34m[AndroidUiautomator2Driver@eb00][0m Got response with status 200: {"sessionId":"None","value":{"message":"UiAutomator2 Server is ready to accept commands","ready":true}}
[38;5;227m[ffd8c167][0m[38;5;-34m[AndroidUiautomator2Driver@eb00][0m The initialization of the instrumentation process took 2152ms
[38;5;227m[ffd8c167][0m[38;5;-34m[AndroidUiautomator2Driver@eb00][0m Matched '/session' to command name 'createSession'
[38;5;227m[ffd8c167][0m[38;5;-34m[AndroidUiautomator2Driver@eb00][0m Proxying [POST /session] to [POST http://127.0.0.1:8200/session] with body: {"capabilities":{"firstMatch":[{"platformName":"Android","deviceName":"emulator-5554","automationName":"UiAutomator2","appPackage":"com.companyname.appiumtestapp","appActivity":"crc64f0954e3e9cd062a0.MainActivity","appWaitActivity":"*","appWaitDuration":60000,"noReset":false,"autoGrantPermissions":true,"unicodeKeyboard":true,"resetKeyboard":true,"newCommandTimeout":180,"adbExecTimeout":120000,"uiautomator2ServerInstallTimeout":120000,"uiautomator2ServerLaunchTimeout":120000,"uiautomator2ServerReadTimeout":120000,"disableWindowAnimation":true,"platform":"LINUX","webStorageEnabled":false,"takesScreenshot":true,"javascriptEnabled":true,"databaseEnabled":false,"networkConnectionEnabled":true,"locationContextEnabled":false,"warnings":{},"desired":{"platformName":"Android","deviceName":"Pixel 9 Pro","automationName":"UiAutomator2","appPackage":"com.companyname.appiumtestapp","appActivity":"crc64f0954e3e9cd062a0.MainActivity","appWaitActivity":"*","appWaitDuration":60000,"noReset":false,"autoGrantPermissions":tru...
[38;5;227m[ffd8c167][0m[38;5;-34m[AndroidUiautomator2Driver@eb00][0m Got response with status 200: {"sessionId":"fd0f3400-b1d1-4a2e-a3fd-44798a3c0e5c","value":{"capabilities":{"firstMatch":[{"platformName":"Android","deviceName":"emulator-5554","automationName":"UiAutomator2","appPackage":"com.companyname.appiumtestapp","appActivity":"crc64f0954e3e9cd062a0.MainActivity","appWaitActivity":"*","appWaitDuration":60000,"noReset":false,"autoGrantPermissions":true,"unicodeKeyboard":true,"resetKeyboard":true,"newCommandTimeout":180,"adbExecTimeout":120000,"uiautomator2ServerInstallTimeout":120000,"uiautomator2ServerLaunchTimeout":120000,"uiautomator2ServerReadTimeout":120000,"disableWindowAnimation":true,"platform":"LINUX","webStorageEnabled":false,"takesScreenshot":true,"javascriptEnabled":true,"databaseEnabled":false,"networkConnectionEnabled":true,"locationContextEnabled":false,"warnings":{},"desired":{"platformName":"Android","deviceName":"Pixel 9 Pro","automationName":"UiAutomator2","appPackage":"com.companyname.appiumtestapp","appActivity":"crc64f0954e3e9cd062a0.MainActivity","appWaitActivity":"*","appWa...
[38;5;227m[ffd8c167][0m[38;5;-34m[AndroidUiautomator2Driver@eb00][0m Determined the downstream protocol as 'W3C'
[38;5;227m[ffd8c167][0m[38;5;-34m[AndroidUiautomator2Driver@eb00][0m Proxying [GET /appium/device/pixel_ratio] to [GET http://127.0.0.1:8200/session/fd0f3400-b1d1-4a2e-a3fd-44798a3c0e5c/appium/device/pixel_ratio] with no body
[38;5;227m[ffd8c167][0m[38;5;-34m[AndroidUiautomator2Driver@eb00][0m Proxying [GET /appium/device/system_bars] to [GET http://127.0.0.1:8200/session/fd0f3400-b1d1-4a2e-a3fd-44798a3c0e5c/appium/device/system_bars] with no body
[38;5;227m[ffd8c167][0m[38;5;-34m[AndroidUiautomator2Driver@eb00][0m Proxying [GET /window/current/size] to [GET http://127.0.0.1:8200/session/fd0f3400-b1d1-4a2e-a3fd-44798a3c0e5c/window/current/size] with no body
[38;5;227m[ffd8c167][0m[38;5;-34m[AndroidUiautomator2Driver@eb00][0m Proxying [GET /appium/device/info] to [GET http://127.0.0.1:8200/session/fd0f3400-b1d1-4a2e-a3fd-44798a3c0e5c/appium/device/info] with no body
[38;5;227m[ffd8c167][0m[38;5;229m[ADB][0m Running 'C:\Users\karlt\AppData\Local\Android\Sdk\platform-tools\adb.exe -P 5037 -s emulator-5554 shell dumpsys window'
[38;5;227m[ffd8c167][0m[38;5;229m[ADB][0m Running 'C:\Users\karlt\AppData\Local\Android\Sdk\platform-tools\adb.exe -P 5037 -s emulator-5554 shell dumpsys power'
[38;5;227m[ffd8c167][0m[38;5;-34m[AndroidUiautomator2Driver@eb00][0m Got response with status 200: {"sessionId":"fd0f3400-b1d1-4a2e-a3fd-44798a3c0e5c","value":3}
[38;5;227m[ffd8c167][0m[38;5;-34m[AndroidUiautomator2Driver@eb00][0m Got response with status 200: {"sessionId":"fd0f3400-b1d1-4a2e-a3fd-44798a3c0e5c","value":{"statusBar":156}}
[38;5;227m[ffd8c167][0m[38;5;-34m[AndroidUiautomator2Driver@eb00][0m Got response with status 200: {"sessionId":"fd0f3400-b1d1-4a2e-a3fd-44798a3c0e5c","value":{"height":2856,"width":1280}}
[38;5;227m[ffd8c167][0m[38;5;-34m[AndroidUiautomator2Driver@eb00][0m Got response with status 200: {"sessionId":"fd0f3400-b1d1-4a2e-a3fd-44798a3c0e5c","value":{"androidId":"62bef49e0de8fd81","apiVersion":"36","bluetooth":{"state":"ON"},"brand":"google","carrierName":"T-Mobile","displayDensity":480,"locale":"en_US","manufacturer":"Google","model":"sdk_gphone64_x86_64","networks":[{"capabilities":{"SSID":null,"linkDownBandwidthKbps":145000,"linkUpstreamBandwidthKbps":60000,"networkCapabilities":"NET_CAPABILITY_MMS,NET_CAPABILITY_SUPL,NET_CAPABILITY_DUN,NET_CAPABILITY_FOTA,NET_CAPABILITY_IMS,NET_CAPABILITY_CBS,NET_CAPABILITY_INTERNET,NET_CAPABILITY_NOT_RESTRICTED,NET_CAPABILITY_TRUSTED,NET_CAPABILITY_NOT_VPN,NET_CAPABILITY_VALIDATED,NET_CAPABILITY_NOT_ROAMING,NET_CAPABILITY_NOT_CONGESTED,NET_CAPABILITY_NOT_SUSPENDED","signalStrength":-2147483648,"transportTypes":"TRANSPORT_CELLULAR"},"detailedState":"CONNECTED","extraInfo":"epc.tmobile.com","isAvailable":true,"isConnected":true,"isFailover":false,"isRoaming":false,"state":"CONNECTED","subtype":20,"subtypeName":"NR","type":0,"typeName":"MOBILE"},{"capabilit...
[38;5;227m[ffd8c167][0m[38;5;-34m[AndroidUiautomator2Driver@eb00][0m Screen already unlocked, doing nothing
[38;5;227m[ffd8c167][0m[38;5;-34m[AndroidUiautomator2Driver@eb00][0m Starting 'com.companyname.appiumtestapp/crc64f0954e3e9cd062a0.MainActivity' and waiting for 'com.companyname.appiumtestapp/*'
[38;5;227m[ffd8c167][0m[38;5;229m[ADB][0m Running 'C:\Users\karlt\AppData\Local\Android\Sdk\platform-tools\adb.exe -P 5037 -s emulator-5554 shell am start-activity -W -n com.companyname.appiumtestapp/crc64f0954e3e9cd062a0.MainActivity -S -a android.intent.action.MAIN -c android.intent.category.LAUNCHER -f 0x10200000'
[38;5;227m[ffd8c167][0m[38;5;229m[ADB][0m Expected package names to be focused within 60000ms: 'com.companyname.appiumtestapp'
[38;5;227m[ffd8c167][0m[38;5;229m[ADB][0m Expected activity name patterns to be focused within 60000ms: '/^.*?$/', '/^com\.companyname\.appiumtestapp\..*?$/'
[38;5;227m[ffd8c167][0m[38;5;229m[ADB][0m Getting focused package and activity
[38;5;227m[ffd8c167][0m[38;5;229m[ADB][0m Running 'C:\Users\karlt\AppData\Local\Android\Sdk\platform-tools\adb.exe -P 5037 -s emulator-5554 shell dumpsys window displays'
[38;5;227m[ffd8c167][0m[38;5;229m[ADB][0m Focused package: com.companyname.appiumtestapp
[38;5;227m[ffd8c167][0m[38;5;229m[ADB][0m Focused fully qualified activity name: crc64f0954e3e9cd062a0.MainActivity
[38;5;227m[ffd8c167][0m[38;5;129m[AppiumDriver@8155][0m New AndroidUiautomator2Driver session created successfully, session ffd8c167-4bbd-4570-9f19-b5d7fef6eeda added to master session list
[38;5;227m[ffd8c167][0m[38;5;129m[AppiumDriver@8155][0m Event 'newSessionStarted' logged at 1770241646205 (21:47:26 GMT+0000 (Greenwich Mean Time))
[38;5;227m[ffd8c167][0m[38;5;-34m[AndroidUiautomator2Driver@eb00][0m Cached the protocol value 'W3C' for the new session ffd8c167-4bbd-4570-9f19-b5d7fef6eeda
[38;5;227m[ffd8c167][0m[38;5;-34m[AndroidUiautomator2Driver@eb00][0m Responding to client with driver.createSession() result: {"capabilities":{"platformName":"Android","deviceName":"emulator-5554","automationName":"UiAutomator2","appPackage":"com.companyname.appiumtestapp","appActivity":"crc64f0954e3e9cd062a0.MainActivity","appWaitActivity":"*","appWaitDuration":60000,"noReset":false,"autoGrantPermissions":true,"unicodeKeyboard":true,"resetKeyboard":true,"newCommandTimeout":180,"adbExecTimeout":120000,"uiautomator2ServerInstallTimeout":120000,"uiautomator2ServerLaunchTimeout":120000,"uiautomator2ServerReadTimeout":120000,"disableWindowAnimation":true,"platform":"LINUX","webStorageEnabled":false,"takesScreenshot":true,"javascriptEnabled":true,"databaseEnabled":false,"networkConnectionEnabled":true,"locationContextEnabled":false,"warnings":{},"desired":{"platformName":"Android","deviceName":"Pixel 9 Pro","automationName":"UiAutomator2","appPackage":"com.companyname.appiumtestapp","appActivity":"crc64f0954e3e9cd062a0.MainActivity","appWaitActivity":"*","appWaitDuration":60000,"noReset":false,"autoGrantPermissions":true,"unicodeKeybo...
[38;5;227m[ffd8c167][0m[38;5;86m[HTTP][0m [37m<-- POST /session [39m[32m200[39m [90m5920 ms - 1610[39m [90m[39m
[38;5;227m[ffd8c167][0m[38;5;86m[HTTP][0m [37m-->[39m [37mGET[39m [37m/session/ffd8c167-4bbd-4570-9f19-b5d7fef6eeda/orientation[39m [90m[39m
[38;5;227m[ffd8c167][0m[38;5;-34m[AndroidUiautomator2Driver@eb00][0m Driver proxy active, passing request on via HTTP proxy
[38;5;227m[ffd8c167][0m[38;5;-34m[AndroidUiautomator2Driver@eb00][0m Matched '/session/ffd8c167-4bbd-4570-9f19-b5d7fef6eeda/orientation' to command name 'getOrientation'
[38;5;227m[ffd8c167][0m[38;5;-34m[AndroidUiautomator2Driver@eb00][0m Proxying [GET /session/ffd8c167-4bbd-4570-9f19-b5d7fef6eeda/orientation] to [GET http://127.0.0.1:8200/session/fd0f3400-b1d1-4a2e-a3fd-44798a3c0e5c/orientation] with no body
[38;5;227m[ffd8c167][0m[38;5;-34m[AndroidUiautomator2Driver@eb00][0m Got response with status 200: {"sessionId":"fd0f3400-b1d1-4a2e-a3fd-44798a3c0e5c","value":"PORTRAIT"}
[38;5;227m[ffd8c167][0m[38;5;-34m[AndroidUiautomator2Driver@eb00][0m Replacing sessionId fd0f3400-b1d1-4a2e-a3fd-44798a3c0e5c with ffd8c167-4bbd-4570-9f19-b5d7fef6eeda
[38;5;227m[ffd8c167][0m[38;5;86m[HTTP][0m [37m<-- GET /session/ffd8c167-4bbd-4570-9f19-b5d7fef6eeda/orientation [39m[32m200[39m [90m386 ms - 20[39m [90m[39m
[38;5;227m[ffd8c167][0m[38;5;86m[HTTP][0m [37m-->[39m [37mPOST[39m [37m/session/ffd8c167-4bbd-4570-9f19-b5d7fef6eeda/execute/sync[39m [90m{"script":"mobile: deviceInfo","args":[]}[39m
[38;5;227m[ffd8c167][0m[38;5;-34m[AndroidUiautomator2Driver@eb00][0m Calling AppiumDriver.execute() with args: ["mobile: deviceInfo",[],"ffd8c167-4bbd-4570-9f19-b5d7fef6eeda"]
[38;5;227m[ffd8c167][0m[38;5;-34m[AndroidUiautomator2Driver@eb00][0m Proxying [GET /appium/device/info] to [GET http://127.0.0.1:8200/session/fd0f3400-b1d1-4a2e-a3fd-44798a3c0e5c/appium/device/info] with no body
[38;5;227m[ffd8c167][0m[38;5;-34m[AndroidUiautomator2Driver@eb00][0m Got response with status 200: {"sessionId":"fd0f3400-b1d1-4a2e-a3fd-44798a3c0e5c","value":{"androidId":"62bef49e0de8fd81","apiVersion":"36","bluetooth":{"state":"ON"},"brand":"google","carrierName":"T-Mobile","displayDensity":480,"locale":"en_US","manufacturer":"Google","model":"sdk_gphone64_x86_64","networks":[{"capabilities":{"SSID":null,"linkDownBandwidthKbps":145000,"linkUpstreamBandwidthKbps":60000,"networkCapabilities":"NET_CAPABILITY_MMS,NET_CAPABILITY_SUPL,NET_CAPABILITY_DUN,NET_CAPABILITY_FOTA,NET_CAPABILITY_IMS,NET_CAPABILITY_CBS,NET_CAPABILITY_INTERNET,NET_CAPABILITY_NOT_RESTRICTED,NET_CAPABILITY_TRUSTED,NET_CAPABILITY_NOT_VPN,NET_CAPABILITY_VALIDATED,NET_CAPABILITY_NOT_ROAMING,NET_CAPABILITY_NOT_CONGESTED,NET_CAPABILITY_NOT_SUSPENDED","signalStrength":-2147483648,"transportTypes":"TRANSPORT_CELLULAR"},"detailedState":"CONNECTED","extraInfo":"epc.tmobile.com","isAvailable":true,"isConnected":true,"isFailover":false,"isRoaming":false,"state":"CONNECTED","subtype":20,"subtypeName":"NR","type":0,"typeName":"MOBILE"},{"capabilit...
[38;5;227m[ffd8c167][0m[38;5;-34m[AndroidUiautomator2Driver@eb00][0m Responding to client with driver.execute() result: {"androidId":"62bef49e0de8fd81","apiVersion":"36","bluetooth":{"state":"ON"},"brand":"google","carrierName":"T-Mobile","displayDensity":480,"locale":"en_US","manufacturer":"Google","model":"sdk_gphone64_x86_64","networks":[{"capabilities":{"SSID":null,"linkDownBandwidthKbps":145000,"linkUpstreamBandwidthKbps":60000,"networkCapabilities":"NET_CAPABILITY_MMS,NET_CAPABILITY_SUPL,NET_CAPABILITY_DUN,NET_CAPABILITY_FOTA,NET_CAPABILITY_IMS,NET_CAPABILITY_CBS,NET_CAPABILITY_INTERNET,NET_CAPABILITY_NOT_RESTRICTED,NET_CAPABILITY_TRUSTED,NET_CAPABILITY_NOT_VPN,NET_CAPABILITY_VALIDATED,NET_CAPABILITY_NOT_ROAMING,NET_CAPABILITY_NOT_CONGESTED,NET_CAPABILITY_NOT_SUSPENDED","signalStrength":-2147483648,"transportTypes":"TRANSPORT_CELLULAR"},"detailedState":"CONNECTED","extraInfo":"epc.tmobile.com","isAvailable":true,"isConnected":true,"isFailover":false,"isRoaming":false,"state":"CONNECTED","subtype":20,"subtypeName":"NR","type":0,"typeName":"MOBILE"},{"capabilities":{"SSID":null,"linkDownBandwidthKbps":30000,"linkUpstrea...
[38;5;227m[ffd8c167][0m[38;5;86m[HTTP][0m [37m<-- POST /session/ffd8c167-4bbd-4570-9f19-b5d7fef6eeda/execute/sync [39m[32m200[39m [90m15 ms - 1673[39m [90m[39m
[38;5;227m[ffd8c167][0m[38;5;86m[HTTP][0m [37m-->[39m [37mPOST[39m [37m/session/ffd8c167-4bbd-4570-9f19-b5d7fef6eeda/execute/sync[39m [90m{"script":"mobile: setConnectivity","args":[{"airplaneMode":true,"wifi":false,"data":false}]}[39m
[38;5;227m[ffd8c167][0m[38;5;-34m[AndroidUiautomator2Driver@eb00][0m Calling AppiumDriver.execute() with args: ["mobile: setConnectivity",[{"airplaneMode":true,"wifi":false,"data":false}],"ffd8c167-4bbd-4570-9f19-b5d7fef6eeda"]
[38;5;227m[ffd8c167][0m[38;5;229m[ADB][0m Running 'C:\Users\karlt\AppData\Local\Android\Sdk\platform-tools\adb.exe -P 5037 -s emulator-5554 shell settings get global wifi_on'
[38;5;227m[ffd8c167][0m[38;5;229m[ADB][0m Running 'C:\Users\karlt\AppData\Local\Android\Sdk\platform-tools\adb.exe -P 5037 -s emulator-5554 shell settings get global mobile_data'
[38;5;227m[ffd8c167][0m[38;5;229m[ADB][0m Running 'C:\Users\karlt\AppData\Local\Android\Sdk\platform-tools\adb.exe -P 5037 -s emulator-5554 shell settings get global airplane_mode_on'
[38;5;227m[ffd8c167][0m[38;5;229m[ADB][0m Running 'C:\Users\karlt\AppData\Local\Android\Sdk\platform-tools\adb.exe -P 5037 -s emulator-5554 shell svc wifi disable'
[38;5;227m[ffd8c167][0m[38;5;229m[ADB][0m Running 'C:\Users\karlt\AppData\Local\Android\Sdk\platform-tools\adb.exe -P 5037 -s emulator-5554 shell svc data disable'
[38;5;227m[ffd8c167][0m[38;5;-34m[AndroidUiautomator2Driver@eb00][0m Responding to client with driver.execute() result: null
[38;5;227m[ffd8c167][0m[38;5;86m[HTTP][0m [37m<-- POST /session/ffd8c167-4bbd-4570-9f19-b5d7fef6eeda/execute/sync [39m[32m200[39m [90m167 ms - 14[39m [90m[39m
[38;5;227m[ffd8c167][0m[38;5;86m[HTTP][0m [37m-->[39m [37mPOST[39m [37m/session/ffd8c167-4bbd-4570-9f19-b5d7fef6eeda/element[39m [90m{"using":"id","value":"ShoppingListBox"}[39m
[38;5;227m[ffd8c167][0m[38;5;-34m[AndroidUiautomator2Driver@eb00][0m Calling AppiumDriver.findElement() with args: ["id","ShoppingListBox","ffd8c167-4bbd-4570-9f19-b5d7fef6eeda"]
[38;5;227m[ffd8c167][0m[38;5;-34m[AndroidUiautomator2Driver@eb00][0m Valid locator strategies for this request: xpath, id, class name, accessibility id, css selector, -android uiautomator
[38;5;227m[ffd8c167][0m[38;5;-34m[AndroidUiautomator2Driver@eb00][0m Waiting up to 0 ms for condition
[38;5;227m[ffd8c167][0m[38;5;-34m[AndroidUiautomator2Driver@eb00][0m Matched '/element' to command name 'findElement'
[38;5;227m[ffd8c167][0m[38;5;-34m[AndroidUiautomator2Driver@eb00][0m Proxying [POST /element] to [POST http://127.0.0.1:8200/session/fd0f3400-b1d1-4a2e-a3fd-44798a3c0e5c/element] with body: {"strategy":"id","selector":"ShoppingListBox","context":"","multiple":false}
[38;5;227m[ffd8c167][0m[38;5;-34m[AndroidUiautomator2Driver@eb00][0m Got response with status 200: {"sessionId":"fd0f3400-b1d1-4a2e-a3fd-44798a3c0e5c","value":{"ELEMENT":"00000000-0000-0823-ffff-ffff00000020","element-6066-11e4-a52e-4f735466cecf":"00000000-0000-0823-ffff-ffff00000020"}}
[38;5;227m[ffd8c167][0m[38;5;-34m[AndroidUiautomator2Driver@eb00][0m Responding to client with driver.findElement() result: {"element-6066-11e4-a52e-4f735466cecf":"00000000-0000-0823-ffff-ffff00000020","ELEMENT":"00000000-0000-0823-ffff-ffff00000020"}
[38;5;227m[ffd8c167][0m[38;5;86m[HTTP][0m [37m<-- POST /session/ffd8c167-4bbd-4570-9f19-b5d7fef6eeda/element [39m[32m200[39m [90m665 ms - 137[39m [90m[39m
[38;5;227m[ffd8c167][0m[38;5;86m[HTTP][0m [37m-->[39m [37mPOST[39m [37m/session/ffd8c167-4bbd-4570-9f19-b5d7fef6eeda/element/00000000-0000-0823-ffff-ffff00000020/clear[39m [90m{}[39m
[38;5;227m[ffd8c167][0m[38;5;-34m[AndroidUiautomator2Driver@eb00][0m Calling AppiumDriver.clear() with args: ["00000000-0000-0823-ffff-ffff00000020","ffd8c167-4bbd-4570-9f19-b5d7fef6eeda"]
[38;5;227m[ffd8c167][0m[38;5;-34m[AndroidUiautomator2Driver@eb00][0m Matched '/element/00000000-0000-0823-ffff-ffff00000020/clear' to command name 'clear'
[38;5;227m[ffd8c167][0m[38;5;-34m[AndroidUiautomator2Driver@eb00][0m Proxying [POST /element/00000000-0000-0823-ffff-ffff00000020/clear] to [POST http://127.0.0.1:8200/session/fd0f3400-b1d1-4a2e-a3fd-44798a3c0e5c/element/00000000-0000-0823-ffff-ffff00000020/clear] with body: {"elementId":"00000000-0000-0823-ffff-ffff00000020"}
[38;5;227m[ffd8c167][0m[38;5;-34m[AndroidUiautomator2Driver@eb00][0m Got response with status 200: {"sessionId":"fd0f3400-b1d1-4a2e-a3fd-44798a3c0e5c","value":null}
[38;5;227m[ffd8c167][0m[38;5;-34m[AndroidUiautomator2Driver@eb00][0m Responding to client with driver.clear() result: null
[38;5;227m[ffd8c167][0m[38;5;86m[HTTP][0m [37m<-- POST /session/ffd8c167-4bbd-4570-9f19-b5d7fef6eeda/element/00000000-0000-0823-ffff-ffff00000020/clear [39m[32m200[39m [90m37 ms - 14[39m [90m[39m
[38;5;227m[ffd8c167][0m[38;5;86m[HTTP][0m [37m-->[39m [37mPOST[39m [37m/session/ffd8c167-4bbd-4570-9f19-b5d7fef6eeda/element/00000000-0000-0823-ffff-ffff00000020/value[39m [90m{"text":"Oranges"}[39m
[38;5;227m[ffd8c167][0m[38;5;-34m[AndroidUiautomator2Driver@eb00][0m Calling AppiumDriver.setValue() with args: ["Oranges","00000000-0000-0823-ffff-ffff00000020","ffd8c167-4bbd-4570-9f19-b5d7fef6eeda"]
[38;5;227m[ffd8c167][0m[38;5;-34m[AndroidUiautomator2Driver@eb00][0m Matched '/element/00000000-0000-0823-ffff-ffff00000020/value' to command name 'setValue'
[38;5;227m[ffd8c167][0m[38;5;-34m[AndroidUiautomator2Driver@eb00][0m Added 'value' property to 'setValue' request body
[38;5;227m[ffd8c167][0m[38;5;-34m[AndroidUiautomator2Driver@eb00][0m Proxying [POST /element/00000000-0000-0823-ffff-ffff00000020/value] to [POST http://127.0.0.1:8200/session/fd0f3400-b1d1-4a2e-a3fd-44798a3c0e5c/element/00000000-0000-0823-ffff-ffff00000020/value] with body: {"elementId":"00000000-0000-0823-ffff-ffff00000020","text":"Oranges","replace":false,"value":["O","r","a","n","g","e","s"]}
[38;5;227m[ffd8c167][0m[38;5;-34m[AndroidUiautomator2Driver@eb00][0m Got response with status 200: {"sessionId":"fd0f3400-b1d1-4a2e-a3fd-44798a3c0e5c","value":null}
[38;5;227m[ffd8c167][0m[38;5;-34m[AndroidUiautomator2Driver@eb00][0m Responding to client with driver.setValue() result: null
[38;5;227m[ffd8c167][0m[38;5;86m[HTTP][0m [37m<-- POST /session/ffd8c167-4bbd-4570-9f19-b5d7fef6eeda/element/00000000-0000-0823-ffff-ffff00000020/value [39m[32m200[39m [90m1032 ms - 14[39m [90m[39m
[38;5;227m[ffd8c167][0m[38;5;86m[HTTP][0m [37m-->[39m [37mPOST[39m [37m/session/ffd8c167-4bbd-4570-9f19-b5d7fef6eeda/element[39m [90m{"using":"id","value":"AddShoppingListItem"}[39m
[38;5;227m[ffd8c167][0m[38;5;-34m[AndroidUiautomator2Driver@eb00][0m Calling AppiumDriver.findElement() with args: ["id","AddShoppingListItem","ffd8c167-4bbd-4570-9f19-b5d7fef6eeda"]
[38;5;227m[ffd8c167][0m[38;5;-34m[AndroidUiautomator2Driver@eb00][0m Valid locator strategies for this request: xpath, id, class name, accessibility id, css selector, -android uiautomator
[38;5;227m[ffd8c167][0m[38;5;-34m[AndroidUiautomator2Driver@eb00][0m Waiting up to 0 ms for condition
[38;5;227m[ffd8c167][0m[38;5;-34m[AndroidUiautomator2Driver@eb00][0m Matched '/element' to command name 'findElement'
[38;5;227m[ffd8c167][0m[38;5;-34m[AndroidUiautomator2Driver@eb00][0m Proxying [POST /element] to [POST http://127.0.0.1:8200/session/fd0f3400-b1d1-4a2e-a3fd-44798a3c0e5c/element] with body: {"strategy":"id","selector":"AddShoppingListItem","context":"","multiple":false}
[38;5;227m[ffd8c167][0m[38;5;-34m[AndroidUiautomator2Driver@eb00][0m Got response with status 200: {"sessionId":"fd0f3400-b1d1-4a2e-a3fd-44798a3c0e5c","value":{"ELEMENT":"00000000-0000-0823-ffff-ffff00000022","element-6066-11e4-a52e-4f735466cecf":"00000000-0000-0823-ffff-ffff00000022"}}
[38;5;227m[ffd8c167][0m[38;5;-34m[AndroidUiautomator2Driver@eb00][0m Responding to client with driver.findElement() result: {"element-6066-11e4-a52e-4f735466cecf":"00000000-0000-0823-ffff-ffff00000022","ELEMENT":"00000000-0000-0823-ffff-ffff00000022"}
[38;5;227m[ffd8c167][0m[38;5;86m[HTTP][0m [37m<-- POST /session/ffd8c167-4bbd-4570-9f19-b5d7fef6eeda/element [39m[32m200[39m [90m612 ms - 137[39m [90m[39m
[38;5;227m[ffd8c167][0m[38;5;86m[HTTP][0m [37m-->[39m [37mPOST[39m [37m/session/ffd8c167-4bbd-4570-9f19-b5d7fef6eeda/element/00000000-0000-0823-ffff-ffff00000022/click[39m [90m{}[39m
[38;5;227m[ffd8c167][0m[38;5;-34m[AndroidUiautomator2Driver@eb00][0m Calling AppiumDriver.click() with args: ["00000000-0000-0823-ffff-ffff00000022","ffd8c167-4bbd-4570-9f19-b5d7fef6eeda"]
[38;5;227m[ffd8c167][0m[38;5;-34m[AndroidUiautomator2Driver@eb00][0m Matched '/element/00000000-0000-0823-ffff-ffff00000022/click' to command name 'click'
[38;5;227m[ffd8c167][0m[38;5;-34m[AndroidUiautomator2Driver@eb00][0m Proxying [POST /element/00000000-0000-0823-ffff-ffff00000022/click] to [POST http://127.0.0.1:8200/session/fd0f3400-b1d1-4a2e-a3fd-44798a3c0e5c/element/00000000-0000-0823-ffff-ffff00000022/click] with body: {"element":"00000000-0000-0823-ffff-ffff00000022"}
[38;5;227m[ffd8c167][0m[38;5;-34m[AndroidUiautomator2Driver@eb00][0m Got response with status 200: {"sessionId":"fd0f3400-b1d1-4a2e-a3fd-44798a3c0e5c","value":null}
[38;5;227m[ffd8c167][0m[38;5;-34m[AndroidUiautomator2Driver@eb00][0m Responding to client with driver.click() result: null
[38;5;227m[ffd8c167][0m[38;5;86m[HTTP][0m [37m<-- POST /session/ffd8c167-4bbd-4570-9f19-b5d7fef6eeda/element/00000000-0000-0823-ffff-ffff00000022/click [39m[32m200[39m [90m76 ms - 14[39m [90m[39m
[38;5;227m[ffd8c167][0m[38;5;86m[HTTP][0m [37m-->[39m [37mPOST[39m [37m/session/ffd8c167-4bbd-4570-9f19-b5d7fef6eeda/element[39m [90m{"using":"id","value":"android:id/message"}[39m
[38;5;227m[ffd8c167][0m[38;5;-34m[AndroidUiautomator2Driver@eb00][0m Calling AppiumDriver.findElement() with args: ["id","android:id/message","ffd8c167-4bbd-4570-9f19-b5d7fef6eeda"]
[38;5;227m[ffd8c167][0m[38;5;-34m[AndroidUiautomator2Driver@eb00][0m Valid locator strategies for this request: xpath, id, class name, accessibility id, css selector, -android uiautomator
[38;5;227m[ffd8c167][0m[38;5;-34m[AndroidUiautomator2Driver@eb00][0m Waiting up to 0 ms for condition
[38;5;227m[ffd8c167][0m[38;5;-34m[AndroidUiautomator2Driver@eb00][0m Matched '/element' to command name 'findElement'
[38;5;227m[ffd8c167][0m[38;5;-34m[AndroidUiautomator2Driver@eb00][0m Proxying [POST /element] to [POST http://127.0.0.1:8200/session/fd0f3400-b1d1-4a2e-a3fd-44798a3c0e5c/element] with body: {"strategy":"id","selector":"android:id/message","context":"","multiple":false}
[38;5;227m[ffd8c167][0m[38;5;-34m[AndroidUiautomator2Driver@eb00][0m Got response with status 404: {"sessionId":"fd0f3400-b1d1-4a2e-a3fd-44798a3c0e5c","value":{"error":"no such element","message":"An element could not be located on the page using the given search parameters","stacktrace":"io.appium.uiautomator2.common.exceptions.ElementNotFoundException: An element could not be located on the page using the given search parameters\n\tat io.appium.uiautomator2.handler.FindElement.safeHandle(FindElement.java:63)\n\tat io.appium.uiautomator2.handler.request.SafeRequestHandler.handle(SafeRequestHandler.java:59)\n\tat io.appium.uiautomator2.server.AppiumServlet.handleRequest(AppiumServlet.java:259)\n\tat io.appium.uiautomator2.server.AppiumServlet.handleHttpRequest(AppiumServlet.java:253)\n\tat io.appium.uiautomator2.http.ServerHandler.channelRead(ServerHandler.java:77)\n\tat io.netty.channel.AbstractChannelHandlerContext.invokeChannelRead(AbstractChannelHandlerContext.java:366)\n\tat io.netty.channel.AbstractChannelHandlerContext.invokeChannelRead(AbstractChannelHandlerContext.java:352)\n\tat io.netty.chann...
[38;5;227m[ffd8c167][0m[38;5;123m[W3C][0m Matched W3C error code 'no such element' to NoSuchElementError
[38;5;227m[ffd8c167][0m[38;5;-34m[AndroidUiautomator2Driver@eb00][0m Encountered internal error running command: NoSuchElementError: An element could not be located on the page using the given search parameters.
    at AndroidUiautomator2Driver.findElOrEls (C:\Users\karlt\.appium\node_modules\appium-uiautomator2-driver\node_modules\appium-android-driver\lib\commands\find.ts:86:11)
    at processTicksAndRejections (node:internal/process/task_queues:105:5)
    at AndroidUiautomator2Driver.findElOrElsWithProcessing (C:\Users\karlt\appium-js\node_modules\@appium\base-driver\lib\basedriver\commands\find.ts:60:12)
    at AndroidUiautomator2Driver.findElement (C:\Users\karlt\appium-js\node_modules\@appium\base-driver\lib\basedriver\commands\find.ts:75:12)
[38;5;227m[ffd8c167][0m[38;5;86m[HTTP][0m [37m<-- POST /session/ffd8c167-4bbd-4570-9f19-b5d7fef6eeda/element [39m[33m404[39m [90m210 ms - 823[39m [90m[39m
[38;5;227m[ffd8c167][0m[38;5;86m[HTTP][0m [37m-->[39m [37mPOST[39m [37m/session/ffd8c167-4bbd-4570-9f19-b5d7fef6eeda/elements[39m [90m{"using":"id","value":"android:id/message"}[39m
[38;5;227m[ffd8c167][0m[38;5;-34m[AndroidUiautomator2Driver@eb00][0m Calling AppiumDriver.findElements() with args: ["id","android:id/message","ffd8c167-4bbd-4570-9f19-b5d7fef6eeda"]
[38;5;227m[ffd8c167][0m[38;5;-34m[AndroidUiautomator2Driver@eb00][0m Valid locator strategies for this request: xpath, id, class name, accessibility id, css selector, -android uiautomator
[38;5;227m[ffd8c167][0m[38;5;-34m[AndroidUiautomator2Driver@eb00][0m Waiting up to 0 ms for condition
[38;5;227m[ffd8c167][0m[38;5;-34m[AndroidUiautomator2Driver@eb00][0m Matched '/elements' to command name 'findElements'
[38;5;227m[ffd8c167][0m[38;5;-34m[AndroidUiautomator2Driver@eb00][0m Proxying [POST /elements] to [POST http://127.0.0.1:8200/session/fd0f3400-b1d1-4a2e-a3fd-44798a3c0e5c/elements] with body: {"strategy":"id","selector":"android:id/message","context":"","multiple":true}
[38;5;227m[ffd8c167][0m[38;5;-34m[AndroidUiautomator2Driver@eb00][0m Got response with status 200: {"sessionId":"fd0f3400-b1d1-4a2e-a3fd-44798a3c0e5c","value":[{"ELEMENT":"00000000-0000-0824-ffff-ffff00000034","element-6066-11e4-a52e-4f735466cecf":"00000000-0000-0824-ffff-ffff00000034"}]}
[38;5;227m[ffd8c167][0m[38;5;-34m[AndroidUiautomator2Driver@eb00][0m Responding to client with driver.findElements() result: [{"element-6066-11e4-a52e-4f735466cecf":"00000000-0000-0824-ffff-ffff00000034","ELEMENT":"00000000-0000-0824-ffff-ffff00000034"}]
[38;5;227m[ffd8c167][0m[38;5;86m[HTTP][0m [37m<-- POST /session/ffd8c167-4bbd-4570-9f19-b5d7fef6eeda/elements [39m[32m200[39m [90m505 ms - 139[39m [90m[39m
[38;5;227m[ffd8c167][0m[38;5;86m[HTTP][0m [37m-->[39m [37mPOST[39m [37m/session/ffd8c167-4bbd-4570-9f19-b5d7fef6eeda/element[39m [90m{"using":"id","value":"android:id/message"}[39m
[38;5;227m[ffd8c167][0m[38;5;-34m[AndroidUiautomator2Driver@eb00][0m Calling AppiumDriver.findElement() with args: ["id","android:id/message","ffd8c167-4bbd-4570-9f19-b5d7fef6eeda"]
[38;5;227m[ffd8c167][0m[38;5;-34m[AndroidUiautomator2Driver@eb00][0m Valid locator strategies for this request: xpath, id, class name, accessibility id, css selector, -android uiautomator
[38;5;227m[ffd8c167][0m[38;5;-34m[AndroidUiautomator2Driver@eb00][0m Waiting up to 0 ms for condition
[38;5;227m[ffd8c167][0m[38;5;-34m[AndroidUiautomator2Driver@eb00][0m Matched '/element' to command name 'findElement'
[38;5;227m[ffd8c167][0m[38;5;-34m[AndroidUiautomator2Driver@eb00][0m Proxying [POST /element] to [POST http://127.0.0.1:8200/session/fd0f3400-b1d1-4a2e-a3fd-44798a3c0e5c/element] with body: {"strategy":"id","selector":"android:id/message","context":"","multiple":false}
[38;5;227m[ffd8c167][0m[38;5;-34m[AndroidUiautomator2Driver@eb00][0m Got response with status 200: {"sessionId":"fd0f3400-b1d1-4a2e-a3fd-44798a3c0e5c","value":{"ELEMENT":"00000000-0000-0824-ffff-ffff00000034","element-6066-11e4-a52e-4f735466cecf":"00000000-0000-0824-ffff-ffff00000034"}}
[38;5;227m[ffd8c167][0m[38;5;-34m[AndroidUiautomator2Driver@eb00][0m Responding to client with driver.findElement() result: {"element-6066-11e4-a52e-4f735466cecf":"00000000-0000-0824-ffff-ffff00000034","ELEMENT":"00000000-0000-0824-ffff-ffff00000034"}
[38;5;227m[ffd8c167][0m[38;5;86m[HTTP][0m [37m<-- POST /session/ffd8c167-4bbd-4570-9f19-b5d7fef6eeda/element [39m[32m200[39m [90m18 ms - 137[39m [90m[39m
[38;5;227m[ffd8c167][0m[38;5;86m[HTTP][0m [37m-->[39m [37mPOST[39m [37m/session/ffd8c167-4bbd-4570-9f19-b5d7fef6eeda/element[39m [90m{"using":"id","value":"android:id/message"}[39m
[38;5;227m[ffd8c167][0m[38;5;-34m[AndroidUiautomator2Driver@eb00][0m Calling AppiumDriver.findElement() with args: ["id","android:id/message","ffd8c167-4bbd-4570-9f19-b5d7fef6eeda"]
[38;5;227m[ffd8c167][0m[38;5;-34m[AndroidUiautomator2Driver@eb00][0m Valid locator strategies for this request: xpath, id, class name, accessibility id, css selector, -android uiautomator
[38;5;227m[ffd8c167][0m[38;5;-34m[AndroidUiautomator2Driver@eb00][0m Waiting up to 0 ms for condition
[38;5;227m[ffd8c167][0m[38;5;-34m[AndroidUiautomator2Driver@eb00][0m Matched '/element' to command name 'findElement'
[38;5;227m[ffd8c167][0m[38;5;-34m[AndroidUiautomator2Driver@eb00][0m Proxying [POST /element] to [POST http://127.0.0.1:8200/session/fd0f3400-b1d1-4a2e-a3fd-44798a3c0e5c/element] with body: {"strategy":"id","selector":"android:id/message","context":"","multiple":false}
[38;5;227m[ffd8c167][0m[38;5;-34m[AndroidUiautomator2Driver@eb00][0m Got response with status 200: {"sessionId":"fd0f3400-b1d1-4a2e-a3fd-44798a3c0e5c","value":{"ELEMENT":"00000000-0000-0824-ffff-ffff00000034","element-6066-11e4-a52e-4f735466cecf":"00000000-0000-0824-ffff-ffff00000034"}}
[38;5;227m[ffd8c167][0m[38;5;-34m[AndroidUiautomator2Driver@eb00][0m Responding to client with driver.findElement() result: {"element-6066-11e4-a52e-4f735466cecf":"00000000-0000-0824-ffff-ffff00000034","ELEMENT":"00000000-0000-0824-ffff-ffff00000034"}
[38;5;227m[ffd8c167][0m[38;5;86m[HTTP][0m [37m<-- POST /session/ffd8c167-4bbd-4570-9f19-b5d7fef6eeda/element [39m[32m200[39m [90m14 ms - 137[39m [90m[39m
[38;5;227m[ffd8c167][0m[38;5;86m[HTTP][0m [37m-->[39m [37mGET[39m [37m/session/ffd8c167-4bbd-4570-9f19-b5d7fef6eeda/element/00000000-0000-0824-ffff-ffff00000034/text[39m [90m[39m
[38;5;227m[ffd8c167][0m[38;5;-34m[AndroidUiautomator2Driver@eb00][0m Driver proxy active, passing request on via HTTP proxy
[38;5;227m[ffd8c167][0m[38;5;-34m[AndroidUiautomator2Driver@eb00][0m Matched '/session/ffd8c167-4bbd-4570-9f19-b5d7fef6eeda/element/00000000-0000-0824-ffff-ffff00000034/text' to command name 'getText'
[38;5;227m[ffd8c167][0m[38;5;-34m[AndroidUiautomator2Driver@eb00][0m Proxying [GET /session/ffd8c167-4bbd-4570-9f19-b5d7fef6eeda/element/00000000-0000-0824-ffff-ffff00000034/text] to [GET http://127.0.0.1:8200/session/fd0f3400-b1d1-4a2e-a3fd-44798a3c0e5c/element/00000000-0000-0824-ffff-ffff00000034/text] with no body
[38;5;227m[ffd8c167][0m[38;5;-34m[AndroidUiautomator2Driver@eb00][0m Got response with status 200: {"sessionId":"fd0f3400-b1d1-4a2e-a3fd-44798a3c0e5c","value":"No Internet"}
[38;5;227m[ffd8c167][0m[38;5;-34m[AndroidUiautomator2Driver@eb00][0m Replacing sessionId fd0f3400-b1d1-4a2e-a3fd-44798a3c0e5c with ffd8c167-4bbd-4570-9f19-b5d7fef6eeda
[38;5;227m[ffd8c167][0m[38;5;86m[HTTP][0m [37m<-- GET /session/ffd8c167-4bbd-4570-9f19-b5d7fef6eeda/element/00000000-0000-0824-ffff-ffff00000034/text [39m[32m200[39m [90m12 ms - 23[39m [90m[39m
[38;5;227m[ffd8c167][0m[38;5;86m[HTTP][0m [37m-->[39m [37mPOST[39m [37m/session/ffd8c167-4bbd-4570-9f19-b5d7fef6eeda/execute/sync[39m [90m{"script":"mobile: setConnectivity","args":[{"airplaneMode":false,"wifi":true,"data":true}]}[39m
[38;5;227m[ffd8c167][0m[38;5;-34m[AndroidUiautomator2Driver@eb00][0m Calling AppiumDriver.execute() with args: ["mobile: setConnectivity",[{"airplaneMode":false,"wifi":true,"data":true}],"ffd8c167-4bbd-4570-9f19-b5d7fef6eeda"]
[38;5;227m[ffd8c167][0m[38;5;229m[ADB][0m Running 'C:\Users\karlt\AppData\Local\Android\Sdk\platform-tools\adb.exe -P 5037 -s emulator-5554 shell settings get global wifi_on'
[38;5;227m[ffd8c167][0m[38;5;229m[ADB][0m Running 'C:\Users\karlt\AppData\Local\Android\Sdk\platform-tools\adb.exe -P 5037 -s emulator-5554 shell settings get global mobile_data'
[38;5;227m[ffd8c167][0m[38;5;229m[ADB][0m Running 'C:\Users\karlt\AppData\Local\Android\Sdk\platform-tools\adb.exe -P 5037 -s emulator-5554 shell settings get global airplane_mode_on'
[38;5;227m[ffd8c167][0m[38;5;229m[ADB][0m Running 'C:\Users\karlt\AppData\Local\Android\Sdk\platform-tools\adb.exe -P 5037 -s emulator-5554 shell svc wifi enable'
[38;5;227m[ffd8c167][0m[38;5;229m[ADB][0m Running 'C:\Users\karlt\AppData\Local\Android\Sdk\platform-tools\adb.exe -P 5037 -s emulator-5554 shell svc data enable'
[38;5;227m[ffd8c167][0m[38;5;-34m[AndroidUiautomator2Driver@eb00][0m Responding to client with driver.execute() result: null
[38;5;227m[ffd8c167][0m[38;5;86m[HTTP][0m [37m<-- POST /session/ffd8c167-4bbd-4570-9f19-b5d7fef6eeda/execute/sync [39m[32m200[39m [90m170 ms - 14[39m [90m[39m
[38;5;227m[ffd8c167][0m[38;5;86m[HTTP][0m [37m-->[39m [37mDELETE[39m [37m/session/ffd8c167-4bbd-4570-9f19-b5d7fef6eeda[39m [90m[39m
[38;5;227m[ffd8c167][0m[38;5;-34m[AndroidUiautomator2Driver@eb00][0m Calling AppiumDriver.deleteSession() with args: ["ffd8c167-4bbd-4570-9f19-b5d7fef6eeda"]
[38;5;227m[ffd8c167][0m[38;5;129m[AppiumDriver@8155][0m Event 'quitSessionRequested' logged at 1770241652236 (21:47:32 GMT+0000 (Greenwich Mean Time))
[38;5;227m[ffd8c167][0m[38;5;129m[AppiumDriver@8155][0m Removing session ffd8c167-4bbd-4570-9f19-b5d7fef6eeda from our master session list
[38;5;227m[ffd8c167][0m[38;5;-34m[AndroidUiautomator2Driver@eb00][0m Deleting UiAutomator2 session
[38;5;227m[ffd8c167][0m[38;5;-34m[AndroidUiautomator2Driver@eb00][0m Deleting UiAutomator2 server session
[38;5;227m[ffd8c167][0m[38;5;-34m[AndroidUiautomator2Driver@eb00][0m Proxying [DELETE /] to [DELETE http://127.0.0.1:8200/session/fd0f3400-b1d1-4a2e-a3fd-44798a3c0e5c] with no body
[38;5;227m[ffd8c167][0m[38;5;-34m[AndroidUiautomator2Driver@eb00][0m Got response with status 200: {"sessionId":"fd0f3400-b1d1-4a2e-a3fd-44798a3c0e5c","value":null}
[38;5;227m[ffd8c167][0m[38;5;229m[ADB][0m Getting IDs of all 'io.appium.uiautomator2.server' processes
[38;5;227m[ffd8c167][0m[38;5;229m[ADB][0m Running 'C:\Users\karlt\AppData\Local\Android\Sdk\platform-tools\adb.exe -P 5037 -s emulator-5554 shell 'pgrep --help; echo $?''
[38;5;227m[ffd8c167][0m[38;5;229m[ADB][0m Running 'C:\Users\karlt\AppData\Local\Android\Sdk\platform-tools\adb.exe -P 5037 -s emulator-5554 shell pgrep -f \(\[\[:blank:\]\]\|\^\)io\.appium\.uiautomator2\.server\(:\[a-zA-Z0-9_-\]\+\)\?\(\[\[:blank:\]\]\|\$\)'
[38;5;227m[ffd8c167][0m[38;5;-34m[AndroidUiautomator2Driver@eb00][0m [Instrumentation] io.appium.uiautomator2.server.test.AppiumUiAutomator2Server:.
[38;5;227m[ffd8c167][0m[38;5;-34m[AndroidUiautomator2Driver@eb00][0m [Instrumentation] 
[38;5;227m[ffd8c167][0m[38;5;-34m[AndroidUiautomator2Driver@eb00][0m [Instrumentation] Time: 9.857
[38;5;227m[ffd8c167][0m[38;5;-34m[AndroidUiautomator2Driver@eb00][0m [Instrumentation] 
[38;5;227m[ffd8c167][0m[38;5;-34m[AndroidUiautomator2Driver@eb00][0m [Instrumentation] OK (1 test)
[38;5;227m[ffd8c167][0m[38;5;-34m[AndroidUiautomator2Driver@eb00][0m [Instrumentation] 
[38;5;227m[ffd8c167][0m[38;5;-34m[AndroidUiautomator2Driver@eb00][0m [Instrumentation] 
[38;5;227m[ffd8c167][0m[38;5;-34m[AndroidUiautomator2Driver@eb00][0m [Instrumentation] The process has exited with code 0, signal null
[38;5;227m[ffd8c167][0m[38;5;229m[ADB][0m Running 'C:\Users\karlt\AppData\Local\Android\Sdk\platform-tools\adb.exe -P 5037 -s emulator-5554 shell am force-stop io.appium.uiautomator2.server'
[38;5;227m[ffd8c167][0m[38;5;229m[ADB][0m Running 'C:\Users\karlt\AppData\Local\Android\Sdk\platform-tools\adb.exe -P 5037 -s emulator-5554 shell am force-stop io.appium.uiautomator2.server.test'
[38;5;227m[ffd8c167][0m[38;5;229m[ADB][0m Running 'C:\Users\karlt\AppData\Local\Android\Sdk\platform-tools\adb.exe -P 5037 -s emulator-5554 shell dumpsys activity services io.appium.settings/.recorder.RecorderService'
[38;5;227m[ffd8c167][0m[38;5;229m[ADB][0m Running 'C:\Users\karlt\AppData\Local\Android\Sdk\platform-tools\adb.exe -P 5037 -s emulator-5554 shell am force-stop com.companyname.appiumtestapp'
[38;5;227m[ffd8c167][0m[38;5;229m[ADB][0m Removing forwarded port socket connection: 8200 
[38;5;227m[ffd8c167][0m[38;5;229m[ADB][0m Running 'C:\Users\karlt\AppData\Local\Android\Sdk\platform-tools\adb.exe -P 5037 -s emulator-5554 forward --remove tcp:8200'
[38;5;227m[ffd8c167][0m[38;5;-34m[AndroidUiautomator2Driver@eb00][0m Restoring hidden api policy to the device default configuration
[38;5;227m[ffd8c167][0m[38;5;229m[ADB][0m Running 'C:\Users\karlt\AppData\Local\Android\Sdk\platform-tools\adb.exe -P 5037 -s emulator-5554 shell 'settings delete global hidden_api_policy_pre_p_apps;settings delete global hidden_api_policy_p_apps;settings delete global hidden_api_policy''
[38;5;227m[ffd8c167][0m[38;5;160m[Logcat][0m Stopping logcat capture
[38;5;227m[ffd8c167][0m[38;5;129m[AppiumDriver@8155][0m Event 'quitSessionFinished' logged at 1770241652804 (21:47:32 GMT+0000 (Greenwich Mean Time))
[38;5;227m[ffd8c167][0m[38;5;129m[AppiumDriver@8155][0m Received response: null
[38;5;227m[ffd8c167][0m[38;5;129m[AppiumDriver@8155][0m But deleting session, so not returning
[38;5;227m[ffd8c167][0m[38;5;129m[AppiumDriver@8155][0m Responding to client with driver.deleteSession() result: null
[38;5;227m[ffd8c167][0m[38;5;86m[HTTP][0m [37m<-- DELETE /session/ffd8c167-4bbd-4570-9f19-b5d7fef6eeda [39m[32m200[39m [90m568 ms - 14[39m [90m[39m
